pair,a,b
ABEV3-ALOS3,ABEV3,ALOS3
ABEV3-ASAI3,ABEV3,ASAI3
ABEV3-AURE3,ABEV3,AURE3
ABEV3-AZZA3,ABEV3,AZZA3
ABEV3-B3SA3,ABEV3,B3SA3
ABEV3-BBAS3,ABEV3,BBAS3
ABEV3-BBDC3,ABEV3,BBDC3
ABEV3-BBDC4,ABEV3,BBDC4
ABEV3-BBSE3,ABEV3,BBSE3
ABEV3-BEEF3,ABEV3,BEEF3
ABEV3-BPAC11,ABEV3,BPAC11
ABEV3-BRAP4,ABEV3,BRAP4
ABEV3-BRAV3,ABEV3,BRAV3
ABEV3-BRFS3,ABEV3,BRFS3
ABEV3-BRKM5,ABEV3,BRKM5
ABEV3-CMIG4,ABEV3,CMIG4
ABEV3-CMIN3,ABEV3,CMIN3
ABEV3-COGN3,ABEV3,COGN3
ABEV3-CPFE3,ABEV3,CPFE3
ABEV3-CPLE6,ABEV3,CPLE6
ABEV3-CSAN3,ABEV3,CSAN3
ABEV3-CSNA3,ABEV3,CSNA3
ABEV3-CVCB3,ABEV3,CVCB3
ABEV3-CXSE3,ABEV3,CXSE3
ABEV3-CYRE3,ABEV3,CYRE3
ABEV3-DIRR3,ABEV3,DIRR3
ABEV3-EGIE3,ABEV3,EGIE3
ABEV3-ELET3,ABEV3,ELET3
ABEV3-ELET6,ABEV3,ELET6
ABEV3-EMBR3,ABEV3,EMBR3
ABEV3-ENEV3,ABEV3,ENEV3
ABEV3-ENGI11,ABEV3,ENGI11
ABEV3-EQTL3,ABEV3,EQTL3
ABEV3-FLRY3,ABEV3,FLRY3
ABEV3-GGBR4,ABEV3,GGBR4
ABEV3-GOAU4,ABEV3,GOAU4
ABEV3-HYPE3,ABEV3,HYPE3
ABEV3-IGTI11,ABEV3,IGTI11
ABEV3-ISAE4,ABEV3,ISAE4
ABEV3-ITSA4,ABEV3,ITSA4
ABEV3-ITUB4,ABEV3,ITUB4
ABEV3-KLBN11,ABEV3,KLBN11
ABEV3-LREN3,ABEV3,LREN3
ABEV3-MOTV3,ABEV3,MOTV3
ABEV3-MRFG3,ABEV3,MRFG3
ABEV3-MRVE3,ABEV3,MRVE3
ABEV3-MULT3,ABEV3,MULT3
ABEV3-NATU3,ABEV3,NATU3
ABEV3-PETR3,ABEV3,PETR3
ABEV3-PETR4,ABEV3,PETR4
ABEV3-PETZ3,ABEV3,PETZ3
ABEV3-POMO4,ABEV3,POMO4
ABEV3-PRIO3,ABEV3,PRIO3
ABEV3-PSSA3,ABEV3,PSSA3
ABEV3-RADL3,ABEV3,RADL3
ABEV3-RAIL3,ABEV3,RAIL3
ABEV3-RAIZ4,ABEV3,RAIZ4
ABEV3-RDOR3,ABEV3,RDOR3
ABEV3-RECV3,ABEV3,RECV3
ABEV3-RENT3,ABEV3,RENT3
ABEV3-SANB11,ABEV3,SANB11
ABEV3-SBSP3,ABEV3,SBSP3
ABEV3-SLCE3,ABEV3,SLCE3
ABEV3-SMFT3,ABEV3,SMFT3
ABEV3-SMTO3,ABEV3,SMTO3
ABEV3-STBP3,ABEV3,STBP3
ABEV3-TAEE11,ABEV3,TAEE11
ABEV3-TIMS3,ABEV3,TIMS3
ABEV3-TOTS3,ABEV3,TOTS3
ABEV3-UGPA3,ABEV3,UGPA3
ABEV3-USIM5,ABEV3,USIM5
ABEV3-VALE3,ABEV3,VALE3
ABEV3-VAMO3,ABEV3,VAMO3
ABEV3-VIVA3,ABEV3,VIVA3
ABEV3-VIVT3,ABEV3,VIVT3
ABEV3-WEGE3,ABEV3,WEGE3
ABEV3-YDUQ3,ABEV3,YDUQ3
ALOS3-ASAI3,ALOS3,ASAI3
ALOS3-AURE3,ALOS3,AURE3
ALOS3-AZZA3,ALOS3,AZZA3
ALOS3-B3SA3,ALOS3,B3SA3
ALOS3-BBAS3,ALOS3,BBAS3
ALOS3-BBDC3,ALOS3,BBDC3
ALOS3-BBDC4,ALOS3,BBDC4
ALOS3-BBSE3,ALOS3,BBSE3
ALOS3-BEEF3,ALOS3,BEEF3
ALOS3-BPAC11,ALOS3,BPAC11
ALOS3-BRAP4,ALOS3,BRAP4
ALOS3-BRAV3,ALOS3,BRAV3
ALOS3-BRFS3,ALOS3,BRFS3
ALOS3-BRKM5,ALOS3,BRKM5
ALOS3-CMIG4,ALOS3,CMIG4
ALOS3-CMIN3,ALOS3,CMIN3
ALOS3-COGN3,ALOS3,COGN3
ALOS3-CPFE3,ALOS3,CPFE3
ALOS3-CPLE6,ALOS3,CPLE6
ALOS3-CSAN3,ALOS3,CSAN3
ALOS3-CSNA3,ALOS3,CSNA3
ALOS3-CVCB3,ALOS3,CVCB3
ALOS3-CXSE3,ALOS3,CXSE3
ALOS3-CYRE3,ALOS3,CYRE3
ALOS3-DIRR3,ALOS3,DIRR3
ALOS3-EGIE3,ALOS3,EGIE3
ALOS3-ELET3,ALOS3,ELET3
ALOS3-ELET6,ALOS3,ELET6
ALOS3-EMBR3,ALOS3,EMBR3
ALOS3-ENEV3,ALOS3,ENEV3
ALOS3-ENGI11,ALOS3,ENGI11
ALOS3-EQTL3,ALOS3,EQTL3
ALOS3-FLRY3,ALOS3,FLRY3
ALOS3-GGBR4,ALOS3,GGBR4
ALOS3-GOAU4,ALOS3,GOAU4
ALOS3-HYPE3,ALOS3,HYPE3
ALOS3-IGTI11,ALOS3,IGTI11
ALOS3-ISAE4,ALOS3,ISAE4
ALOS3-ITSA4,ALOS3,ITSA4
ALOS3-ITUB4,ALOS3,ITUB4
ALOS3-KLBN11,ALOS3,KLBN11
ALOS3-LREN3,ALOS3,LREN3
ALOS3-MOTV3,ALOS3,MOTV3
ALOS3-MRFG3,ALOS3,MRFG3
ALOS3-MRVE3,ALOS3,MRVE3
ALOS3-MULT3,ALOS3,MULT3
ALOS3-NATU3,ALOS3,NATU3
ALOS3-PETR3,ALOS3,PETR3
ALOS3-PETR4,ALOS3,PETR4
ALOS3-PETZ3,ALOS3,PETZ3
ALOS3-POMO4,ALOS3,POMO4
ALOS3-PRIO3,ALOS3,PRIO3
ALOS3-PSSA3,ALOS3,PSSA3
ALOS3-RADL3,ALOS3,RADL3
ALOS3-RAIL3,ALOS3,RAIL3
ALOS3-RAIZ4,ALOS3,RAIZ4
ALOS3-RDOR3,ALOS3,RDOR3
ALOS3-RECV3,ALOS3,RECV3
ALOS3-RENT3,ALOS3,RENT3
ALOS3-SANB11,ALOS3,SANB11
ALOS3-SBSP3,ALOS3,SBSP3
ALOS3-SLCE3,ALOS3,SLCE3
ALOS3-SMFT3,ALOS3,SMFT3
ALOS3-SMTO3,ALOS3,SMTO3
ALOS3-STBP3,ALOS3,STBP3
ALOS3-TAEE11,ALOS3,TAEE11
ALOS3-TIMS3,ALOS3,TIMS3
ALOS3-TOTS3,ALOS3,TOTS3
ALOS3-UGPA3,ALOS3,UGPA3
ALOS3-USIM5,ALOS3,USIM5
ALOS3-VALE3,ALOS3,VALE3
ALOS3-VAMO3,ALOS3,VAMO3
ALOS3-VIVA3,ALOS3,VIVA3
ALOS3-VIVT3,ALOS3,VIVT3
ALOS3-WEGE3,ALOS3,WEGE3
ALOS3-YDUQ3,ALOS3,YDUQ3
ASAI3-AURE3,ASAI3,AURE3
ASAI3-AZZA3,ASAI3,AZZA3
ASAI3-B3SA3,ASAI3,B3SA3
ASAI3-BBAS3,ASAI3,BBAS3
ASAI3-BBDC3,ASAI3,BBDC3
ASAI3-BBDC4,ASAI3,BBDC4
ASAI3-BBSE3,ASAI3,BBSE3
ASAI3-BEEF3,ASAI3,BEEF3
ASAI3-BPAC11,ASAI3,BPAC11
ASAI3-BRAP4,ASAI3,BRAP4
ASAI3-BRAV3,ASAI3,BRAV3
ASAI3-BRFS3,ASAI3,BRFS3
ASAI3-BRKM5,ASAI3,BRKM5
ASAI3-CMIG4,ASAI3,CMIG4
ASAI3-CMIN3,ASAI3,CMIN3
ASAI3-COGN3,ASAI3,COGN3
ASAI3-CPFE3,ASAI3,CPFE3
ASAI3-CPLE6,ASAI3,CPLE6
ASAI3-CSAN3,ASAI3,CSAN3
ASAI3-CSNA3,ASAI3,CSNA3
ASAI3-CVCB3,ASAI3,CVCB3
ASAI3-CXSE3,ASAI3,CXSE3
ASAI3-CYRE3,ASAI3,CYRE3
ASAI3-DIRR3,ASAI3,DIRR3
ASAI3-EGIE3,ASAI3,EGIE3
ASAI3-ELET3,ASAI3,ELET3
ASAI3-ELET6,ASAI3,ELET6
ASAI3-EMBR3,ASAI3,EMBR3
ASAI3-ENEV3,ASAI3,ENEV3
ASAI3-ENGI11,ASAI3,ENGI11
ASAI3-EQTL3,ASAI3,EQTL3
ASAI3-FLRY3,ASAI3,FLRY3
ASAI3-GGBR4,ASAI3,GGBR4
ASAI3-GOAU4,ASAI3,GOAU4
ASAI3-HYPE3,ASAI3,HYPE3
ASAI3-IGTI11,ASAI3,IGTI11
ASAI3-ISAE4,ASAI3,ISAE4
ASAI3-ITSA4,ASAI3,ITSA4
ASAI3-ITUB4,ASAI3,ITUB4
ASAI3-KLBN11,ASAI3,KLBN11
ASAI3-LREN3,ASAI3,LREN3
ASAI3-MOTV3,ASAI3,MOTV3
ASAI3-MRFG3,ASAI3,MRFG3
ASAI3-MRVE3,ASAI3,MRVE3
ASAI3-MULT3,ASAI3,MULT3
ASAI3-NATU3,ASAI3,NATU3
ASAI3-PETR3,ASAI3,PETR3
ASAI3-PETR4,ASAI3,PETR4
ASAI3-PETZ3,ASAI3,PETZ3
ASAI3-POMO4,ASAI3,POMO4
ASAI3-PRIO3,ASAI3,PRIO3
ASAI3-PSSA3,ASAI3,PSSA3
ASAI3-RADL3,ASAI3,RADL3
ASAI3-RAIL3,ASAI3,RAIL3
ASAI3-RAIZ4,ASAI3,RAIZ4
ASAI3-RDOR3,ASAI3,RDOR3
ASAI3-RECV3,ASAI3,RECV3
ASAI3-RENT3,ASAI3,RENT3
ASAI3-SANB11,ASAI3,SANB11
ASAI3-SBSP3,ASAI3,SBSP3
ASAI3-SLCE3,ASAI3,SLCE3
ASAI3-SMFT3,ASAI3,SMFT3
ASAI3-SMTO3,ASAI3,SMTO3
ASAI3-STBP3,ASAI3,STBP3
ASAI3-TAEE11,ASAI3,TAEE11
ASAI3-TIMS3,ASAI3,TIMS3
ASAI3-TOTS3,ASAI3,TOTS3
ASAI3-UGPA3,ASAI3,UGPA3
ASAI3-USIM5,ASAI3,USIM5
ASAI3-VALE3,ASAI3,VALE3
ASAI3-VAMO3,ASAI3,VAMO3
ASAI3-VIVA3,ASAI3,VIVA3
ASAI3-VIVT3,ASAI3,VIVT3
ASAI3-WEGE3,ASAI3,WEGE3
ASAI3-YDUQ3,ASAI3,YDUQ3
AURE3-AZZA3,AURE3,AZZA3
AURE3-B3SA3,AURE3,B3SA3
AURE3-BBAS3,AURE3,BBAS3
AURE3-BBDC3,AURE3,BBDC3
AURE3-BBDC4,AURE3,BBDC4
AURE3-BBSE3,AURE3,BBSE3
AURE3-BEEF3,AURE3,BEEF3
AURE3-BPAC11,AURE3,BPAC11
AURE3-BRAP4,AURE3,BRAP4
AURE3-BRAV3,AURE3,BRAV3
AURE3-BRFS3,AURE3,BRFS3
AURE3-BRKM5,AURE3,BRKM5
AURE3-CMIG4,AURE3,CMIG4
AURE3-CMIN3,AURE3,CMIN3
AURE3-COGN3,AURE3,COGN3
AURE3-CPFE3,AURE3,CPFE3
AURE3-CPLE6,AURE3,CPLE6
AURE3-CSAN3,AURE3,CSAN3
AURE3-CSNA3,AURE3,CSNA3
AURE3-CVCB3,AURE3,CVCB3
AURE3-CXSE3,AURE3,CXSE3
AURE3-CYRE3,AURE3,CYRE3
AURE3-DIRR3,AURE3,DIRR3
AURE3-EGIE3,AURE3,EGIE3
AURE3-ELET3,AURE3,ELET3
AURE3-ELET6,AURE3,ELET6
AURE3-EMBR3,AURE3,EMBR3
AURE3-ENEV3,AURE3,ENEV3
AURE3-ENGI11,AURE3,ENGI11
AURE3-EQTL3,AURE3,EQTL3
AURE3-FLRY3,AURE3,FLRY3
AURE3-GGBR4,AURE3,GGBR4
AURE3-GOAU4,AURE3,GOAU4
AURE3-HYPE3,AURE3,HYPE3
AURE3-IGTI11,AURE3,IGTI11
AURE3-ISAE4,AURE3,ISAE4
AURE3-ITSA4,AURE3,ITSA4
AURE3-ITUB4,AURE3,ITUB4
AURE3-KLBN11,AURE3,KLBN11
AURE3-LREN3,AURE3,LREN3
AURE3-MOTV3,AURE3,MOTV3
AURE3-MRFG3,AURE3,MRFG3
AURE3-MRVE3,AURE3,MRVE3
AURE3-MULT3,AURE3,MULT3
AURE3-NATU3,AURE3,NATU3
AURE3-PETR3,AURE3,PETR3
AURE3-PETR4,AURE3,PETR4
AURE3-PETZ3,AURE3,PETZ3
AURE3-POMO4,AURE3,POMO4
AURE3-PRIO3,AURE3,PRIO3
AURE3-PSSA3,AURE3,PSSA3
AURE3-RADL3,AURE3,RADL3
AURE3-RAIL3,AURE3,RAIL3
AURE3-RAIZ4,AURE3,RAIZ4
AURE3-RDOR3,AURE3,RDOR3
AURE3-RECV3,AURE3,RECV3
AURE3-RENT3,AURE3,RENT3
AURE3-SANB11,AURE3,SANB11
AURE3-SBSP3,AURE3,SBSP3
AURE3-SLCE3,AURE3,SLCE3
AURE3-SMFT3,AURE3,SMFT3
AURE3-SMTO3,AURE3,SMTO3
AURE3-STBP3,AURE3,STBP3
AURE3-TAEE11,AURE3,TAEE11
AURE3-TIMS3,AURE3,TIMS3
AURE3-TOTS3,AURE3,TOTS3
AURE3-UGPA3,AURE3,UGPA3
AURE3-USIM5,AURE3,USIM5
AURE3-VALE3,AURE3,VALE3
AURE3-VAMO3,AURE3,VAMO3
AURE3-VIVA3,AURE3,VIVA3
AURE3-VIVT3,AURE3,VIVT3
AURE3-WEGE3,AURE3,WEGE3
AURE3-YDUQ3,AURE3,YDUQ3
AZZA3-B3SA3,AZZA3,B3SA3
AZZA3-BBAS3,AZZA3,BBAS3
AZZA3-BBDC3,AZZA3,BBDC3
AZZA3-BBDC4,AZZA3,BBDC4
AZZA3-BBSE3,AZZA3,BBSE3
AZZA3-BEEF3,AZZA3,BEEF3
AZZA3-BPAC11,AZZA3,BPAC11
AZZA3-BRAP4,AZZA3,BRAP4
AZZA3-BRAV3,AZZA3,BRAV3
AZZA3-BRFS3,AZZA3,BRFS3
AZZA3-BRKM5,AZZA3,BRKM5
AZZA3-CMIG4,AZZA3,CMIG4
AZZA3-CMIN3,AZZA3,CMIN3
AZZA3-COGN3,AZZA3,COGN3
AZZA3-CPFE3,AZZA3,CPFE3
AZZA3-CPLE6,AZZA3,CPLE6
AZZA3-CSAN3,AZZA3,CSAN3
AZZA3-CSNA3,AZZA3,CSNA3
AZZA3-CVCB3,AZZA3,CVCB3
AZZA3-CXSE3,AZZA3,CXSE3
AZZA3-CYRE3,AZZA3,CYRE3
AZZA3-DIRR3,AZZA3,DIRR3
AZZA3-EGIE3,AZZA3,EGIE3
AZZA3-ELET3,AZZA3,ELET3
AZZA3-ELET6,AZZA3,ELET6
AZZA3-EMBR3,AZZA3,EMBR3
AZZA3-ENEV3,AZZA3,ENEV3
AZZA3-ENGI11,AZZA3,ENGI11
AZZA3-EQTL3,AZZA3,EQTL3
AZZA3-FLRY3,AZZA3,FLRY3
AZZA3-GGBR4,AZZA3,GGBR4
AZZA3-GOAU4,AZZA3,GOAU4
AZZA3-HYPE3,AZZA3,HYPE3
AZZA3-IGTI11,AZZA3,IGTI11
AZZA3-ISAE4,AZZA3,ISAE4
AZZA3-ITSA4,AZZA3,ITSA4
AZZA3-ITUB4,AZZA3,ITUB4
AZZA3-KLBN11,AZZA3,KLBN11
AZZA3-LREN3,AZZA3,LREN3
AZZA3-MOTV3,AZZA3,MOTV3
AZZA3-MRFG3,AZZA3,MRFG3
AZZA3-MRVE3,AZZA3,MRVE3
AZZA3-MULT3,AZZA3,MULT3
AZZA3-NATU3,AZZA3,NATU3
AZZA3-PETR3,AZZA3,PETR3
AZZA3-PETR4,AZZA3,PETR4
AZZA3-PETZ3,AZZA3,PETZ3
AZZA3-POMO4,AZZA3,POMO4
AZZA3-PRIO3,AZZA3,PRIO3
AZZA3-PSSA3,AZZA3,PSSA3
AZZA3-RADL3,AZZA3,RADL3
AZZA3-RAIL3,AZZA3,RAIL3
AZZA3-RAIZ4,AZZA3,RAIZ4
AZZA3-RDOR3,AZZA3,RDOR3
AZZA3-RECV3,AZZA3,RECV3
AZZA3-RENT3,AZZA3,RENT3
AZZA3-SANB11,AZZA3,SANB11
AZZA3-SBSP3,AZZA3,SBSP3
AZZA3-SLCE3,AZZA3,SLCE3
AZZA3-SMFT3,AZZA3,SMFT3
AZZA3-SMTO3,AZZA3,SMTO3
AZZA3-STBP3,AZZA3,STBP3
AZZA3-TAEE11,AZZA3,TAEE11
AZZA3-TIMS3,AZZA3,TIMS3
AZZA3-TOTS3,AZZA3,TOTS3
AZZA3-UGPA3,AZZA3,UGPA3
AZZA3-USIM5,AZZA3,USIM5
AZZA3-VALE3,AZZA3,VALE3
AZZA3-VAMO3,AZZA3,VAMO3
AZZA3-VIVA3,AZZA3,VIVA3
AZZA3-VIVT3,AZZA3,VIVT3
AZZA3-WEGE3,AZZA3,WEGE3
AZZA3-YDUQ3,AZZA3,YDUQ3
B3SA3-BBAS3,B3SA3,BBAS3
B3SA3-BBDC3,B3SA3,BBDC3
B3SA3-BBDC4,B3SA3,BBDC4
B3SA3-BBSE3,B3SA3,BBSE3
B3SA3-BEEF3,B3SA3,BEEF3
B3SA3-BPAC11,B3SA3,BPAC11
B3SA3-BRAP4,B3SA3,BRAP4
B3SA3-BRAV3,B3SA3,BRAV3
B3SA3-BRFS3,B3SA3,BRFS3
B3SA3-BRKM5,B3SA3,BRKM5
B3SA3-CMIG4,B3SA3,CMIG4
B3SA3-CMIN3,B3SA3,CMIN3
B3SA3-COGN3,B3SA3,COGN3
B3SA3-CPFE3,B3SA3,CPFE3
B3SA3-CPLE6,B3SA3,CPLE6
B3SA3-CSAN3,B3SA3,CSAN3
B3SA3-CSNA3,B3SA3,CSNA3
B3SA3-CVCB3,B3SA3,CVCB3
B3SA3-CXSE3,B3SA3,CXSE3
B3SA3-CYRE3,B3SA3,CYRE3
B3SA3-DIRR3,B3SA3,DIRR3
B3SA3-EGIE3,B3SA3,EGIE3
B3SA3-ELET3,B3SA3,ELET3
B3SA3-ELET6,B3SA3,ELET6
B3SA3-EMBR3,B3SA3,EMBR3
B3SA3-ENEV3,B3SA3,ENEV3
B3SA3-ENGI11,B3SA3,ENGI11
B3SA3-EQTL3,B3SA3,EQTL3
B3SA3-FLRY3,B3SA3,FLRY3
B3SA3-GGBR4,B3SA3,GGBR4
B3SA3-GOAU4,B3SA3,GOAU4
B3SA3-HYPE3,B3SA3,HYPE3
B3SA3-IGTI11,B3SA3,IGTI11
B3SA3-ISAE4,B3SA3,ISAE4
B3SA3-ITSA4,B3SA3,ITSA4
B3SA3-ITUB4,B3SA3,ITUB4
B3SA3-KLBN11,B3SA3,KLBN11
B3SA3-LREN3,B3SA3,LREN3
B3SA3-MOTV3,B3SA3,MOTV3
B3SA3-MRFG3,B3SA3,MRFG3
B3SA3-MRVE3,B3SA3,MRVE3
B3SA3-MULT3,B3SA3,MULT3
B3SA3-NATU3,B3SA3,NATU3
B3SA3-PETR3,B3SA3,PETR3
B3SA3-PETR4,B3SA3,PETR4
B3SA3-PETZ3,B3SA3,PETZ3
B3SA3-POMO4,B3SA3,POMO4
B3SA3-PRIO3,B3SA3,PRIO3
B3SA3-PSSA3,B3SA3,PSSA3
B3SA3-RADL3,B3SA3,RADL3
B3SA3-RAIL3,B3SA3,RAIL3
B3SA3-RAIZ4,B3SA3,RAIZ4
B3SA3-RDOR3,B3SA3,RDOR3
B3SA3-RECV3,B3SA3,RECV3
B3SA3-RENT3,B3SA3,RENT3
B3SA3-SANB11,B3SA3,SANB11
B3SA3-SBSP3,B3SA3,SBSP3
B3SA3-SLCE3,B3SA3,SLCE3
B3SA3-SMFT3,B3SA3,SMFT3
B3SA3-SMTO3,B3SA3,SMTO3
B3SA3-STBP3,B3SA3,STBP3
B3SA3-TAEE11,B3SA3,TAEE11
B3SA3-TIMS3,B3SA3,TIMS3
B3SA3-TOTS3,B3SA3,TOTS3
B3SA3-UGPA3,B3SA3,UGPA3
B3SA3-USIM5,B3SA3,USIM5
B3SA3-VALE3,B3SA3,VALE3
B3SA3-VAMO3,B3SA3,VAMO3
B3SA3-VIVA3,B3SA3,VIVA3
B3SA3-VIVT3,B3SA3,VIVT3
B3SA3-WEGE3,B3SA3,WEGE3
B3SA3-YDUQ3,B3SA3,YDUQ3
BBAS3-BBDC3,BBAS3,BBDC3
BBAS3-BBDC4,BBAS3,BBDC4
BBAS3-BBSE3,BBAS3,BBSE3
BBAS3-BEEF3,BBAS3,BEEF3
BBAS3-BPAC11,BBAS3,BPAC11
BBAS3-BRAP4,BBAS3,BRAP4
BBAS3-BRAV3,BBAS3,BRAV3
BBAS3-BRFS3,BBAS3,BRFS3
BBAS3-BRKM5,BBAS3,BRKM5
BBAS3-CMIG4,BBAS3,CMIG4
BBAS3-CMIN3,BBAS3,CMIN3
BBAS3-COGN3,BBAS3,COGN3
BBAS3-CPFE3,BBAS3,CPFE3
BBAS3-CPLE6,BBAS3,CPLE6
BBAS3-CSAN3,BBAS3,CSAN3
BBAS3-CSNA3,BBAS3,CSNA3
BBAS3-CVCB3,BBAS3,CVCB3
BBAS3-CXSE3,BBAS3,CXSE3
BBAS3-CYRE3,BBAS3,CYRE3
BBAS3-DIRR3,BBAS3,DIRR3
BBAS3-EGIE3,BBAS3,EGIE3
BBAS3-ELET3,BBAS3,ELET3
BBAS3-ELET6,BBAS3,ELET6
BBAS3-EMBR3,BBAS3,EMBR3
BBAS3-ENEV3,BBAS3,ENEV3
BBAS3-ENGI11,BBAS3,ENGI11
BBAS3-EQTL3,BBAS3,EQTL3
BBAS3-FLRY3,BBAS3,FLRY3
BBAS3-GGBR4,BBAS3,GGBR4
BBAS3-GOAU4,BBAS3,GOAU4
BBAS3-HYPE3,BBAS3,HYPE3
BBAS3-IGTI11,BBAS3,IGTI11
BBAS3-ISAE4,BBAS3,ISAE4
BBAS3-ITSA4,BBAS3,ITSA4
BBAS3-ITUB4,BBAS3,ITUB4
BBAS3-KLBN11,BBAS3,KLBN11
BBAS3-LREN3,BBAS3,LREN3
BBAS3-MOTV3,BBAS3,MOTV3
BBAS3-MRFG3,BBAS3,MRFG3
BBAS3-MRVE3,BBAS3,MRVE3
BBAS3-MULT3,BBAS3,MULT3
BBAS3-NATU3,BBAS3,NATU3
BBAS3-PETR3,BBAS3,PETR3
BBAS3-PETR4,BBAS3,PETR4
BBAS3-PETZ3,BBAS3,PETZ3
BBAS3-POMO4,BBAS3,POMO4
BBAS3-PRIO3,BBAS3,PRIO3
BBAS3-PSSA3,BBAS3,PSSA3
BBAS3-RADL3,BBAS3,RADL3
BBAS3-RAIL3,BBAS3,RAIL3
BBAS3-RAIZ4,BBAS3,RAIZ4
BBAS3-RDOR3,BBAS3,RDOR3
BBAS3-RECV3,BBAS3,RECV3
BBAS3-RENT3,BBAS3,RENT3
BBAS3-SANB11,BBAS3,SANB11
BBAS3-SBSP3,BBAS3,SBSP3
BBAS3-SLCE3,BBAS3,SLCE3
BBAS3-SMFT3,BBAS3,SMFT3
BBAS3-SMTO3,BBAS3,SMTO3
BBAS3-STBP3,BBAS3,STBP3
BBAS3-TAEE11,BBAS3,TAEE11
BBAS3-TIMS3,BBAS3,TIMS3
BBAS3-TOTS3,BBAS3,TOTS3
BBAS3-UGPA3,BBAS3,UGPA3
BBAS3-USIM5,BBAS3,USIM5
BBAS3-VALE3,BBAS3,VALE3
BBAS3-VAMO3,BBAS3,VAMO3
BBAS3-VIVA3,BBAS3,VIVA3
BBAS3-VIVT3,BBAS3,VIVT3
BBAS3-WEGE3,BBAS3,WEGE3
BBAS3-YDUQ3,BBAS3,YDUQ3
BBDC3-BBDC4,BBDC3,BBDC4
BBDC3-BBSE3,BBDC3,BBSE3
BBDC3-BEEF3,BBDC3,BEEF3
BBDC3-BPAC11,BBDC3,BPAC11
BBDC3-BRAP4,BBDC3,BRAP4
BBDC3-BRAV3,BBDC3,BRAV3
BBDC3-BRFS3,BBDC3,BRFS3
BBDC3-BRKM5,BBDC3,BRKM5
BBDC3-CMIG4,BBDC3,CMIG4
BBDC3-CMIN3,BBDC3,CMIN3
BBDC3-COGN3,BBDC3,COGN3
BBDC3-CPFE3,BBDC3,CPFE3
BBDC3-CPLE6,BBDC3,CPLE6
BBDC3-CSAN3,BBDC3,CSAN3
BBDC3-CSNA3,BBDC3,CSNA3
BBDC3-CVCB3,BBDC3,CVCB3
BBDC3-CXSE3,BBDC3,CXSE3
BBDC3-CYRE3,BBDC3,CYRE3
BBDC3-DIRR3,BBDC3,DIRR3
BBDC3-EGIE3,BBDC3,EGIE3
BBDC3-ELET3,BBDC3,ELET3
BBDC3-ELET6,BBDC3,ELET6
BBDC3-EMBR3,BBDC3,EMBR3
BBDC3-ENEV3,BBDC3,ENEV3
BBDC3-ENGI11,BBDC3,ENGI11
BBDC3-EQTL3,BBDC3,EQTL3
BBDC3-FLRY3,BBDC3,FLRY3
BBDC3-GGBR4,BBDC3,GGBR4
BBDC3-GOAU4,BBDC3,GOAU4
BBDC3-HYPE3,BBDC3,HYPE3
BBDC3-IGTI11,BBDC3,IGTI11
BBDC3-ISAE4,BBDC3,ISAE4
BBDC3-ITSA4,BBDC3,ITSA4
BBDC3-ITUB4,BBDC3,ITUB4
BBDC3-KLBN11,BBDC3,KLBN11
BBDC3-LREN3,BBDC3,LREN3
BBDC3-MOTV3,BBDC3,MOTV3
BBDC3-MRFG3,BBDC3,MRFG3
BBDC3-MRVE3,BBDC3,MRVE3
BBDC3-MULT3,BBDC3,MULT3
BBDC3-NATU3,BBDC3,NATU3
BBDC3-PETR3,BBDC3,PETR3
BBDC3-PETR4,BBDC3,PETR4
BBDC3-PETZ3,BBDC3,PETZ3
BBDC3-POMO4,BBDC3,POMO4
BBDC3-PRIO3,BBDC3,PRIO3
BBDC3-PSSA3,BBDC3,PSSA3
BBDC3-RADL3,BBDC3,RADL3
BBDC3-RAIL3,BBDC3,RAIL3
BBDC3-RAIZ4,BBDC3,RAIZ4
BBDC3-RDOR3,BBDC3,RDOR3
BBDC3-RECV3,BBDC3,RECV3
BBDC3-RENT3,BBDC3,RENT3
BBDC3-SANB11,BBDC3,SANB11
BBDC3-SBSP3,BBDC3,SBSP3
BBDC3-SLCE3,BBDC3,SLCE3
BBDC3-SMFT3,BBDC3,SMFT3
BBDC3-SMTO3,BBDC3,SMTO3
BBDC3-STBP3,BBDC3,STBP3
BBDC3-TAEE11,BBDC3,TAEE11
BBDC3-TIMS3,BBDC3,TIMS3
BBDC3-TOTS3,BBDC3,TOTS3
BBDC3-UGPA3,BBDC3,UGPA3
BBDC3-USIM5,BBDC3,USIM5
BBDC3-VALE3,BBDC3,VALE3
BBDC3-VAMO3,BBDC3,VAMO3
BBDC3-VIVA3,BBDC3,VIVA3
BBDC3-VIVT3,BBDC3,VIVT3
BBDC3-WEGE3,BBDC3,WEGE3
BBDC3-YDUQ3,BBDC3,YDUQ3
BBDC4-BBSE3,BBDC4,BBSE3
BBDC4-BEEF3,BBDC4,BEEF3
BBDC4-BPAC11,BBDC4,BPAC11
BBDC4-BRAP4,BBDC4,BRAP4
BBDC4-BRAV3,BBDC4,BRAV3
BBDC4-BRFS3,BBDC4,BRFS3
BBDC4-BRKM5,BBDC4,BRKM5
BBDC4-CMIG4,BBDC4,CMIG4
BBDC4-CMIN3,BBDC4,CMIN3
BBDC4-COGN3,BBDC4,COGN3
BBDC4-CPFE3,BBDC4,CPFE3
BBDC4-CPLE6,BBDC4,CPLE6
BBDC4-CSAN3,BBDC4,CSAN3
BBDC4-CSNA3,BBDC4,CSNA3
BBDC4-CVCB3,BBDC4,CVCB3
BBDC4-CXSE3,BBDC4,CXSE3
BBDC4-CYRE3,BBDC4,CYRE3
BBDC4-DIRR3,BBDC4,DIRR3
BBDC4-EGIE3,BBDC4,EGIE3
BBDC4-ELET3,BBDC4,ELET3
BBDC4-ELET6,BBDC4,ELET6
BBDC4-EMBR3,BBDC4,EMBR3
BBDC4-ENEV3,BBDC4,ENEV3
BBDC4-ENGI11,BBDC4,ENGI11
BBDC4-EQTL3,BBDC4,EQTL3
BBDC4-FLRY3,BBDC4,FLRY3
BBDC4-GGBR4,BBDC4,GGBR4
BBDC4-GOAU4,BBDC4,GOAU4
BBDC4-HYPE3,BBDC4,HYPE3
BBDC4-IGTI11,BBDC4,IGTI11
BBDC4-ISAE4,BBDC4,ISAE4
BBDC4-ITSA4,BBDC4,ITSA4
BBDC4-ITUB4,BBDC4,ITUB4
BBDC4-KLBN11,BBDC4,KLBN11
BBDC4-LREN3,BBDC4,LREN3
BBDC4-MOTV3,BBDC4,MOTV3
BBDC4-MRFG3,BBDC4,MRFG3
BBDC4-MRVE3,BBDC4,MRVE3
BBDC4-MULT3,BBDC4,MULT3
BBDC4-NATU3,BBDC4,NATU3
BBDC4-PETR3,BBDC4,PETR3
BBDC4-PETR4,BBDC4,PETR4
BBDC4-PETZ3,BBDC4,PETZ3
BBDC4-POMO4,BBDC4,POMO4
BBDC4-PRIO3,BBDC4,PRIO3
BBDC4-PSSA3,BBDC4,PSSA3
BBDC4-RADL3,BBDC4,RADL3
BBDC4-RAIL3,BBDC4,RAIL3
BBDC4-RAIZ4,BBDC4,RAIZ4
BBDC4-RDOR3,BBDC4,RDOR3
BBDC4-RECV3,BBDC4,RECV3
BBDC4-RENT3,BBDC4,RENT3
BBDC4-SANB11,BBDC4,SANB11
BBDC4-SBSP3,BBDC4,SBSP3
BBDC4-SLCE3,BBDC4,SLCE3
BBDC4-SMFT3,BBDC4,SMFT3
BBDC4-SMTO3,BBDC4,SMTO3
BBDC4-STBP3,BBDC4,STBP3
BBDC4-TAEE11,BBDC4,TAEE11
BBDC4-TIMS3,BBDC4,TIMS3
BBDC4-TOTS3,BBDC4,TOTS3
BBDC4-UGPA3,BBDC4,UGPA3
BBDC4-USIM5,BBDC4,USIM5
BBDC4-VALE3,BBDC4,VALE3
BBDC4-VAMO3,BBDC4,VAMO3
BBDC4-VIVA3,BBDC4,VIVA3
BBDC4-VIVT3,BBDC4,VIVT3
BBDC4-WEGE3,BBDC4,WEGE3
BBDC4-YDUQ3,BBDC4,YDUQ3
BBSE3-BEEF3,BBSE3,BEEF3
BBSE3-BPAC11,BBSE3,BPAC11
BBSE3-BRAP4,BBSE3,BRAP4
BBSE3-BRAV3,BBSE3,BRAV3
BBSE3-BRFS3,BBSE3,BRFS3
BBSE3-BRKM5,BBSE3,BRKM5
BBSE3-CMIG4,BBSE3,CMIG4
BBSE3-CMIN3,BBSE3,CMIN3
BBSE3-COGN3,BBSE3,COGN3
BBSE3-CPFE3,BBSE3,CPFE3
BBSE3-CPLE6,BBSE3,CPLE6
BBSE3-CSAN3,BBSE3,CSAN3
BBSE3-CSNA3,BBSE3,CSNA3
BBSE3-CVCB3,BBSE3,CVCB3
BBSE3-CXSE3,BBSE3,CXSE3
BBSE3-CYRE3,BBSE3,CYRE3
BBSE3-DIRR3,BBSE3,DIRR3
BBSE3-EGIE3,BBSE3,EGIE3
BBSE3-ELET3,BBSE3,ELET3
BBSE3-ELET6,BBSE3,ELET6
BBSE3-EMBR3,BBSE3,EMBR3
BBSE3-ENEV3,BBSE3,ENEV3
BBSE3-ENGI11,BBSE3,ENGI11
BBSE3-EQTL3,BBSE3,EQTL3
BBSE3-FLRY3,BBSE3,FLRY3
BBSE3-GGBR4,BBSE3,GGBR4
BBSE3-GOAU4,BBSE3,GOAU4
BBSE3-HYPE3,BBSE3,HYPE3
BBSE3-IGTI11,BBSE3,IGTI11
BBSE3-ISAE4,BBSE3,ISAE4
BBSE3-ITSA4,BBSE3,ITSA4
BBSE3-ITUB4,BBSE3,ITUB4
BBSE3-KLBN11,BBSE3,KLBN11
BBSE3-LREN3,BBSE3,LREN3
BBSE3-MOTV3,BBSE3,MOTV3
BBSE3-MRFG3,BBSE3,MRFG3
BBSE3-MRVE3,BBSE3,MRVE3
BBSE3-MULT3,BBSE3,MULT3
BBSE3-NATU3,BBSE3,NATU3
BBSE3-PETR3,BBSE3,PETR3
BBSE3-PETR4,BBSE3,PETR4
BBSE3-PETZ3,BBSE3,PETZ3
BBSE3-POMO4,BBSE3,POMO4
BBSE3-PRIO3,BBSE3,PRIO3
BBSE3-PSSA3,BBSE3,PSSA3
BBSE3-RADL3,BBSE3,RADL3
BBSE3-RAIL3,BBSE3,RAIL3
BBSE3-RAIZ4,BBSE3,RAIZ4
BBSE3-RDOR3,BBSE3,RDOR3
BBSE3-RECV3,BBSE3,RECV3
BBSE3-RENT3,BBSE3,RENT3
BBSE3-SANB11,BBSE3,SANB11
BBSE3-SBSP3,BBSE3,SBSP3
BBSE3-SLCE3,BBSE3,SLCE3
BBSE3-SMFT3,BBSE3,SMFT3
BBSE3-SMTO3,BBSE3,SMTO3
BBSE3-STBP3,BBSE3,STBP3
BBSE3-TAEE11,BBSE3,TAEE11
BBSE3-TIMS3,BBSE3,TIMS3
BBSE3-TOTS3,BBSE3,TOTS3
BBSE3-UGPA3,BBSE3,UGPA3
BBSE3-USIM5,BBSE3,USIM5
BBSE3-VALE3,BBSE3,VALE3
BBSE3-VAMO3,BBSE3,VAMO3
BBSE3-VIVA3,BBSE3,VIVA3
BBSE3-VIVT3,BBSE3,VIVT3
BBSE3-WEGE3,BBSE3,WEGE3
BBSE3-YDUQ3,BBSE3,YDUQ3
BEEF3-BPAC11,BEEF3,BPAC11
BEEF3-BRAP4,BEEF3,BRAP4
BEEF3-BRAV3,BEEF3,BRAV3
BEEF3-BRFS3,BEEF3,BRFS3
BEEF3-BRKM5,BEEF3,BRKM5
BEEF3-CMIG4,BEEF3,CMIG4
BEEF3-CMIN3,BEEF3,CMIN3
BEEF3-COGN3,BEEF3,COGN3
BEEF3-CPFE3,BEEF3,CPFE3
BEEF3-CPLE6,BEEF3,CPLE6
BEEF3-CSAN3,BEEF3,CSAN3
BEEF3-CSNA3,BEEF3,CSNA3
BEEF3-CVCB3,BEEF3,CVCB3
BEEF3-CXSE3,BEEF3,CXSE3
BEEF3-CYRE3,BEEF3,CYRE3
BEEF3-DIRR3,BEEF3,DIRR3
BEEF3-EGIE3,BEEF3,EGIE3
BEEF3-ELET3,BEEF3,ELET3
BEEF3-ELET6,BEEF3,ELET6
BEEF3-EMBR3,BEEF3,EMBR3
BEEF3-ENEV3,BEEF3,ENEV3
BEEF3-ENGI11,BEEF3,ENGI11
BEEF3-EQTL3,BEEF3,EQTL3
BEEF3-FLRY3,BEEF3,FLRY3
BEEF3-GGBR4,BEEF3,GGBR4
BEEF3-GOAU4,BEEF3,GOAU4
BEEF3-HYPE3,BEEF3,HYPE3
BEEF3-IGTI11,BEEF3,IGTI11
BEEF3-ISAE4,BEEF3,ISAE4
BEEF3-ITSA4,BEEF3,ITSA4
BEEF3-ITUB4,BEEF3,ITUB4
BEEF3-KLBN11,BEEF3,KLBN11
BEEF3-LREN3,BEEF3,LREN3
BEEF3-MOTV3,BEEF3,MOTV3
BEEF3-MRFG3,BEEF3,MRFG3
BEEF3-MRVE3,BEEF3,MRVE3
BEEF3-MULT3,BEEF3,MULT3
BEEF3-NATU3,BEEF3,NATU3
BEEF3-PETR3,BEEF3,PETR3
BEEF3-PETR4,BEEF3,PETR4
BEEF3-PETZ3,BEEF3,PETZ3
BEEF3-POMO4,BEEF3,POMO4
BEEF3-PRIO3,BEEF3,PRIO3
BEEF3-PSSA3,BEEF3,PSSA3
BEEF3-RADL3,BEEF3,RADL3
BEEF3-RAIL3,BEEF3,RAIL3
BEEF3-RAIZ4,BEEF3,RAIZ4
BEEF3-RDOR3,BEEF3,RDOR3
BEEF3-RECV3,BEEF3,RECV3
BEEF3-RENT3,BEEF3,RENT3
BEEF3-SANB11,BEEF3,SANB11
BEEF3-SBSP3,BEEF3,SBSP3
BEEF3-SLCE3,BEEF3,SLCE3
BEEF3-SMFT3,BEEF3,SMFT3
BEEF3-SMTO3,BEEF3,SMTO3
BEEF3-STBP3,BEEF3,STBP3
BEEF3-TAEE11,BEEF3,TAEE11
BEEF3-TIMS3,BEEF3,TIMS3
BEEF3-TOTS3,BEEF3,TOTS3
BEEF3-UGPA3,BEEF3,UGPA3
BEEF3-USIM5,BEEF3,USIM5
BEEF3-VALE3,BEEF3,VALE3
BEEF3-VAMO3,BEEF3,VAMO3
BEEF3-VIVA3,BEEF3,VIVA3
BEEF3-VIVT3,BEEF3,VIVT3
BEEF3-WEGE3,BEEF3,WEGE3
BEEF3-YDUQ3,BEEF3,YDUQ3
BPAC11-BRAP4,BPAC11,BRAP4
BPAC11-BRAV3,BPAC11,BRAV3
BPAC11-BRFS3,BPAC11,BRFS3
BPAC11-BRKM5,BPAC11,BRKM5
BPAC11-CMIG4,BPAC11,CMIG4
BPAC11-CMIN3,BPAC11,CMIN3
BPAC11-COGN3,BPAC11,COGN3
BPAC11-CPFE3,BPAC11,CPFE3
BPAC11-CPLE6,BPAC11,CPLE6
BPAC11-CSAN3,BPAC11,CSAN3
BPAC11-CSNA3,BPAC11,CSNA3
BPAC11-CVCB3,BPAC11,CVCB3
BPAC11-CXSE3,BPAC11,CXSE3
BPAC11-CYRE3,BPAC11,CYRE3
BPAC11-DIRR3,BPAC11,DIRR3
BPAC11-EGIE3,BPAC11,EGIE3
BPAC11-ELET3,BPAC11,ELET3
BPAC11-ELET6,BPAC11,ELET6
BPAC11-EMBR3,BPAC11,EMBR3
BPAC11-ENEV3,BPAC11,ENEV3
BPAC11-ENGI11,BPAC11,ENGI11
BPAC11-EQTL3,BPAC11,EQTL3
BPAC11-FLRY3,BPAC11,FLRY3
BPAC11-GGBR4,BPAC11,GGBR4
BPAC11-GOAU4,BPAC11,GOAU4
BPAC11-HYPE3,BPAC11,HYPE3
BPAC11-IGTI11,BPAC11,IGTI11
BPAC11-ISAE4,BPAC11,ISAE4
BPAC11-ITSA4,BPAC11,ITSA4
BPAC11-ITUB4,BPAC11,ITUB4
BPAC11-KLBN11,BPAC11,KLBN11
BPAC11-LREN3,BPAC11,LREN3
BPAC11-MOTV3,BPAC11,MOTV3
BPAC11-MRFG3,BPAC11,MRFG3
BPAC11-MRVE3,BPAC11,MRVE3
BPAC11-MULT3,BPAC11,MULT3
BPAC11-NATU3,BPAC11,NATU3
BPAC11-PETR3,BPAC11,PETR3
BPAC11-PETR4,BPAC11,PETR4
BPAC11-PETZ3,BPAC11,PETZ3
BPAC11-POMO4,BPAC11,POMO4
BPAC11-PRIO3,BPAC11,PRIO3
BPAC11-PSSA3,BPAC11,PSSA3
BPAC11-RADL3,BPAC11,RADL3
BPAC11-RAIL3,BPAC11,RAIL3
BPAC11-RAIZ4,BPAC11,RAIZ4
BPAC11-RDOR3,BPAC11,RDOR3
BPAC11-RECV3,BPAC11,RECV3
BPAC11-RENT3,BPAC11,RENT3
BPAC11-SANB11,BPAC11,SANB11
BPAC11-SBSP3,BPAC11,SBSP3
BPAC11-SLCE3,BPAC11,SLCE3
BPAC11-SMFT3,BPAC11,SMFT3
BPAC11-SMTO3,BPAC11,SMTO3
BPAC11-STBP3,BPAC11,STBP3
BPAC11-TAEE11,BPAC11,TAEE11
BPAC11-TIMS3,BPAC11,TIMS3
BPAC11-TOTS3,BPAC11,TOTS3
BPAC11-UGPA3,BPAC11,UGPA3
BPAC11-USIM5,BPAC11,USIM5
BPAC11-VALE3,BPAC11,VALE3
BPAC11-VAMO3,BPAC11,VAMO3
BPAC11-VIVA3,BPAC11,VIVA3
BPAC11-VIVT3,BPAC11,VIVT3
BPAC11-WEGE3,BPAC11,WEGE3
BPAC11-YDUQ3,BPAC11,YDUQ3
BRAP4-BRAV3,BRAP4,BRAV3
BRAP4-BRFS3,BRAP4,BRFS3
BRAP4-BRKM5,BRAP4,BRKM5
BRAP4-CMIG4,BRAP4,CMIG4
BRAP4-CMIN3,BRAP4,CMIN3
BRAP4-COGN3,BRAP4,COGN3
BRAP4-CPFE3,BRAP4,CPFE3
BRAP4-CPLE6,BRAP4,CPLE6
BRAP4-CSAN3,BRAP4,CSAN3
BRAP4-CSNA3,BRAP4,CSNA3
BRAP4-CVCB3,BRAP4,CVCB3
BRAP4-CXSE3,BRAP4,CXSE3
BRAP4-CYRE3,BRAP4,CYRE3
BRAP4-DIRR3,BRAP4,DIRR3
BRAP4-EGIE3,BRAP4,EGIE3
BRAP4-ELET3,BRAP4,ELET3
BRAP4-ELET6,BRAP4,ELET6
BRAP4-EMBR3,BRAP4,EMBR3
BRAP4-ENEV3,BRAP4,ENEV3
BRAP4-ENGI11,BRAP4,ENGI11
BRAP4-EQTL3,BRAP4,EQTL3
BRAP4-FLRY3,BRAP4,FLRY3
BRAP4-GGBR4,BRAP4,GGBR4
BRAP4-GOAU4,BRAP4,GOAU4
BRAP4-HYPE3,BRAP4,HYPE3
BRAP4-IGTI11,BRAP4,IGTI11
BRAP4-ISAE4,BRAP4,ISAE4
BRAP4-ITSA4,BRAP4,ITSA4
BRAP4-ITUB4,BRAP4,ITUB4
BRAP4-KLBN11,BRAP4,KLBN11
BRAP4-LREN3,BRAP4,LREN3
BRAP4-MOTV3,BRAP4,MOTV3
BRAP4-MRFG3,BRAP4,MRFG3
BRAP4-MRVE3,BRAP4,MRVE3
BRAP4-MULT3,BRAP4,MULT3
BRAP4-NATU3,BRAP4,NATU3
BRAP4-PETR3,BRAP4,PETR3
BRAP4-PETR4,BRAP4,PETR4
BRAP4-PETZ3,BRAP4,PETZ3
BRAP4-POMO4,BRAP4,POMO4
BRAP4-PRIO3,BRAP4,PRIO3
BRAP4-PSSA3,BRAP4,PSSA3
BRAP4-RADL3,BRAP4,RADL3
BRAP4-RAIL3,BRAP4,RAIL3
BRAP4-RAIZ4,BRAP4,RAIZ4
BRAP4-RDOR3,BRAP4,RDOR3
BRAP4-RECV3,BRAP4,RECV3
BRAP4-RENT3,BRAP4,RENT3
BRAP4-SANB11,BRAP4,SANB11
BRAP4-SBSP3,BRAP4,SBSP3
BRAP4-SLCE3,BRAP4,SLCE3
BRAP4-SMFT3,BRAP4,SMFT3
BRAP4-SMTO3,BRAP4,SMTO3
BRAP4-STBP3,BRAP4,STBP3
BRAP4-TAEE11,BRAP4,TAEE11
BRAP4-TIMS3,BRAP4,TIMS3
BRAP4-TOTS3,BRAP4,TOTS3
BRAP4-UGPA3,BRAP4,UGPA3
BRAP4-USIM5,BRAP4,USIM5
BRAP4-VALE3,BRAP4,VALE3
BRAP4-VAMO3,BRAP4,VAMO3
BRAP4-VIVA3,BRAP4,VIVA3
BRAP4-VIVT3,BRAP4,VIVT3
BRAP4-WEGE3,BRAP4,WEGE3
BRAP4-YDUQ3,BRAP4,YDUQ3
BRAV3-BRFS3,BRAV3,BRFS3
BRAV3-BRKM5,BRAV3,BRKM5
BRAV3-CMIG4,BRAV3,CMIG4
BRAV3-CMIN3,BRAV3,CMIN3
BRAV3-COGN3,BRAV3,COGN3
BRAV3-CPFE3,BRAV3,CPFE3
BRAV3-CPLE6,BRAV3,CPLE6
BRAV3-CSAN3,BRAV3,CSAN3
BRAV3-CSNA3,BRAV3,CSNA3
BRAV3-CVCB3,BRAV3,CVCB3
BRAV3-CXSE3,BRAV3,CXSE3
BRAV3-CYRE3,BRAV3,CYRE3
BRAV3-DIRR3,BRAV3,DIRR3
BRAV3-EGIE3,BRAV3,EGIE3
BRAV3-ELET3,BRAV3,ELET3
BRAV3-ELET6,BRAV3,ELET6
BRAV3-EMBR3,BRAV3,EMBR3
BRAV3-ENEV3,BRAV3,ENEV3
BRAV3-ENGI11,BRAV3,ENGI11
BRAV3-EQTL3,BRAV3,EQTL3
BRAV3-FLRY3,BRAV3,FLRY3
BRAV3-GGBR4,BRAV3,GGBR4
BRAV3-GOAU4,BRAV3,GOAU4
BRAV3-HYPE3,BRAV3,HYPE3
BRAV3-IGTI11,BRAV3,IGTI11
BRAV3-ISAE4,BRAV3,ISAE4
BRAV3-ITSA4,BRAV3,ITSA4
BRAV3-ITUB4,BRAV3,ITUB4
BRAV3-KLBN11,BRAV3,KLBN11
BRAV3-LREN3,BRAV3,LREN3
BRAV3-MOTV3,BRAV3,MOTV3
BRAV3-MRFG3,BRAV3,MRFG3
BRAV3-MRVE3,BRAV3,MRVE3
BRAV3-MULT3,BRAV3,MULT3
BRAV3-NATU3,BRAV3,NATU3
BRAV3-PETR3,BRAV3,PETR3
BRAV3-PETR4,BRAV3,PETR4
BRAV3-PETZ3,BRAV3,PETZ3
BRAV3-POMO4,BRAV3,POMO4
BRAV3-PRIO3,BRAV3,PRIO3
BRAV3-PSSA3,BRAV3,PSSA3
BRAV3-RADL3,BRAV3,RADL3
BRAV3-RAIL3,BRAV3,RAIL3
BRAV3-RAIZ4,BRAV3,RAIZ4
BRAV3-RDOR3,BRAV3,RDOR3
BRAV3-RECV3,BRAV3,RECV3
BRAV3-RENT3,BRAV3,RENT3
BRAV3-SANB11,BRAV3,SANB11
BRAV3-SBSP3,BRAV3,SBSP3
BRAV3-SLCE3,BRAV3,SLCE3
BRAV3-SMFT3,BRAV3,SMFT3
BRAV3-SMTO3,BRAV3,SMTO3
BRAV3-STBP3,BRAV3,STBP3
BRAV3-TAEE11,BRAV3,TAEE11
BRAV3-TIMS3,BRAV3,TIMS3
BRAV3-TOTS3,BRAV3,TOTS3
BRAV3-UGPA3,BRAV3,UGPA3
BRAV3-USIM5,BRAV3,USIM5
BRAV3-VALE3,BRAV3,VALE3
BRAV3-VAMO3,BRAV3,VAMO3
BRAV3-VIVA3,BRAV3,VIVA3
BRAV3-VIVT3,BRAV3,VIVT3
BRAV3-WEGE3,BRAV3,WEGE3
BRAV3-YDUQ3,BRAV3,YDUQ3
BRFS3-BRKM5,BRFS3,BRKM5
BRFS3-CMIG4,BRFS3,CMIG4
BRFS3-CMIN3,BRFS3,CMIN3
BRFS3-COGN3,BRFS3,COGN3
BRFS3-CPFE3,BRFS3,CPFE3
BRFS3-CPLE6,BRFS3,CPLE6
BRFS3-CSAN3,BRFS3,CSAN3
BRFS3-CSNA3,BRFS3,CSNA3
BRFS3-CVCB3,BRFS3,CVCB3
BRFS3-CXSE3,BRFS3,CXSE3
BRFS3-CYRE3,BRFS3,CYRE3
BRFS3-DIRR3,BRFS3,DIRR3
BRFS3-EGIE3,BRFS3,EGIE3
BRFS3-ELET3,BRFS3,ELET3
BRFS3-ELET6,BRFS3,ELET6
BRFS3-EMBR3,BRFS3,EMBR3
BRFS3-ENEV3,BRFS3,ENEV3
BRFS3-ENGI11,BRFS3,ENGI11
BRFS3-EQTL3,BRFS3,EQTL3
BRFS3-FLRY3,BRFS3,FLRY3
BRFS3-GGBR4,BRFS3,GGBR4
BRFS3-GOAU4,BRFS3,GOAU4
BRFS3-HYPE3,BRFS3,HYPE3
BRFS3-IGTI11,BRFS3,IGTI11
BRFS3-ISAE4,BRFS3,ISAE4
BRFS3-ITSA4,BRFS3,ITSA4
BRFS3-ITUB4,BRFS3,ITUB4
BRFS3-KLBN11,BRFS3,KLBN11
BRFS3-LREN3,BRFS3,LREN3
BRFS3-MOTV3,BRFS3,MOTV3
BRFS3-MRFG3,BRFS3,MRFG3
BRFS3-MRVE3,BRFS3,MRVE3
BRFS3-MULT3,BRFS3,MULT3
BRFS3-NATU3,BRFS3,NATU3
BRFS3-PETR3,BRFS3,PETR3
BRFS3-PETR4,BRFS3,PETR4
BRFS3-PETZ3,BRFS3,PETZ3
BRFS3-POMO4,BRFS3,POMO4
BRFS3-PRIO3,BRFS3,PRIO3
BRFS3-PSSA3,BRFS3,PSSA3
BRFS3-RADL3,BRFS3,RADL3
BRFS3-RAIL3,BRFS3,RAIL3
BRFS3-RAIZ4,BRFS3,RAIZ4
BRFS3-RDOR3,BRFS3,RDOR3
BRFS3-RECV3,BRFS3,RECV3
BRFS3-RENT3,BRFS3,RENT3
BRFS3-SANB11,BRFS3,SANB11
BRFS3-SBSP3,BRFS3,SBSP3
BRFS3-SLCE3,BRFS3,SLCE3
BRFS3-SMFT3,BRFS3,SMFT3
BRFS3-SMTO3,BRFS3,SMTO3
BRFS3-STBP3,BRFS3,STBP3
BRFS3-TAEE11,BRFS3,TAEE11
BRFS3-TIMS3,BRFS3,TIMS3
BRFS3-TOTS3,BRFS3,TOTS3
BRFS3-UGPA3,BRFS3,UGPA3
BRFS3-USIM5,BRFS3,USIM5
BRFS3-VALE3,BRFS3,VALE3
BRFS3-VAMO3,BRFS3,VAMO3
BRFS3-VIVA3,BRFS3,VIVA3
BRFS3-VIVT3,BRFS3,VIVT3
BRFS3-WEGE3,BRFS3,WEGE3
BRFS3-YDUQ3,BRFS3,YDUQ3
BRKM5-CMIG4,BRKM5,CMIG4
BRKM5-CMIN3,BRKM5,CMIN3
BRKM5-COGN3,BRKM5,COGN3
BRKM5-CPFE3,BRKM5,CPFE3
BRKM5-CPLE6,BRKM5,CPLE6
BRKM5-CSAN3,BRKM5,CSAN3
BRKM5-CSNA3,BRKM5,CSNA3
BRKM5-CVCB3,BRKM5,CVCB3
BRKM5-CXSE3,BRKM5,CXSE3
BRKM5-CYRE3,BRKM5,CYRE3
BRKM5-DIRR3,BRKM5,DIRR3
BRKM5-EGIE3,BRKM5,EGIE3
BRKM5-ELET3,BRKM5,ELET3
BRKM5-ELET6,BRKM5,ELET6
BRKM5-EMBR3,BRKM5,EMBR3
BRKM5-ENEV3,BRKM5,ENEV3
BRKM5-ENGI11,BRKM5,ENGI11
BRKM5-EQTL3,BRKM5,EQTL3
BRKM5-FLRY3,BRKM5,FLRY3
BRKM5-GGBR4,BRKM5,GGBR4
BRKM5-GOAU4,BRKM5,GOAU4
BRKM5-HYPE3,BRKM5,HYPE3
BRKM5-IGTI11,BRKM5,IGTI11
BRKM5-ISAE4,BRKM5,ISAE4
BRKM5-ITSA4,BRKM5,ITSA4
BRKM5-ITUB4,BRKM5,ITUB4
BRKM5-KLBN11,BRKM5,KLBN11
BRKM5-LREN3,BRKM5,LREN3
BRKM5-MOTV3,BRKM5,MOTV3
BRKM5-MRFG3,BRKM5,MRFG3
BRKM5-MRVE3,BRKM5,MRVE3
BRKM5-MULT3,BRKM5,MULT3
BRKM5-NATU3,BRKM5,NATU3
BRKM5-PETR3,BRKM5,PETR3
BRKM5-PETR4,BRKM5,PETR4
BRKM5-PETZ3,BRKM5,PETZ3
BRKM5-POMO4,BRKM5,POMO4
BRKM5-PRIO3,BRKM5,PRIO3
BRKM5-PSSA3,BRKM5,PSSA3
BRKM5-RADL3,BRKM5,RADL3
BRKM5-RAIL3,BRKM5,RAIL3
BRKM5-RAIZ4,BRKM5,RAIZ4
BRKM5-RDOR3,BRKM5,RDOR3
BRKM5-RECV3,BRKM5,RECV3
BRKM5-RENT3,BRKM5,RENT3
BRKM5-SANB11,BRKM5,SANB11
BRKM5-SBSP3,BRKM5,SBSP3
BRKM5-SLCE3,BRKM5,SLCE3
BRKM5-SMFT3,BRKM5,SMFT3
BRKM5-SMTO3,BRKM5,SMTO3
BRKM5-STBP3,BRKM5,STBP3
BRKM5-TAEE11,BRKM5,TAEE11
BRKM5-TIMS3,BRKM5,TIMS3
BRKM5-TOTS3,BRKM5,TOTS3
BRKM5-UGPA3,BRKM5,UGPA3
BRKM5-USIM5,BRKM5,USIM5
BRKM5-VALE3,BRKM5,VALE3
BRKM5-VAMO3,BRKM5,VAMO3
BRKM5-VIVA3,BRKM5,VIVA3
BRKM5-VIVT3,BRKM5,VIVT3
BRKM5-WEGE3,BRKM5,WEGE3
BRKM5-YDUQ3,BRKM5,YDUQ3
CMIG4-CMIN3,CMIG4,CMIN3
CMIG4-COGN3,CMIG4,COGN3
CMIG4-CPFE3,CMIG4,CPFE3
CMIG4-CPLE6,CMIG4,CPLE6
CMIG4-CSAN3,CMIG4,CSAN3
CMIG4-CSNA3,CMIG4,CSNA3
CMIG4-CVCB3,CMIG4,CVCB3
CMIG4-CXSE3,CMIG4,CXSE3
CMIG4-CYRE3,CMIG4,CYRE3
CMIG4-DIRR3,CMIG4,DIRR3
CMIG4-EGIE3,CMIG4,EGIE3
CMIG4-ELET3,CMIG4,ELET3
CMIG4-ELET6,CMIG4,ELET6
CMIG4-EMBR3,CMIG4,EMBR3
CMIG4-ENEV3,CMIG4,ENEV3
CMIG4-ENGI11,CMIG4,ENGI11
CMIG4-EQTL3,CMIG4,EQTL3
CMIG4-FLRY3,CMIG4,FLRY3
CMIG4-GGBR4,CMIG4,GGBR4
CMIG4-GOAU4,CMIG4,GOAU4
CMIG4-HYPE3,CMIG4,HYPE3
CMIG4-IGTI11,CMIG4,IGTI11
CMIG4-ISAE4,CMIG4,ISAE4
CMIG4-ITSA4,CMIG4,ITSA4
CMIG4-ITUB4,CMIG4,ITUB4
CMIG4-KLBN11,CMIG4,KLBN11
CMIG4-LREN3,CMIG4,LREN3
CMIG4-MOTV3,CMIG4,MOTV3
CMIG4-MRFG3,CMIG4,MRFG3
CMIG4-MRVE3,CMIG4,MRVE3
CMIG4-MULT3,CMIG4,MULT3
CMIG4-NATU3,CMIG4,NATU3
CMIG4-PETR3,CMIG4,PETR3
CMIG4-PETR4,CMIG4,PETR4
CMIG4-PETZ3,CMIG4,PETZ3
CMIG4-POMO4,CMIG4,POMO4
CMIG4-PRIO3,CMIG4,PRIO3
CMIG4-PSSA3,CMIG4,PSSA3
CMIG4-RADL3,CMIG4,RADL3
CMIG4-RAIL3,CMIG4,RAIL3
CMIG4-RAIZ4,CMIG4,RAIZ4
CMIG4-RDOR3,CMIG4,RDOR3
CMIG4-RECV3,CMIG4,RECV3
CMIG4-RENT3,CMIG4,RENT3
CMIG4-SANB11,CMIG4,SANB11
CMIG4-SBSP3,CMIG4,SBSP3
CMIG4-SLCE3,CMIG4,SLCE3
CMIG4-SMFT3,CMIG4,SMFT3
CMIG4-SMTO3,CMIG4,SMTO3
CMIG4-STBP3,CMIG4,STBP3
CMIG4-TAEE11,CMIG4,TAEE11
CMIG4-TIMS3,CMIG4,TIMS3
CMIG4-TOTS3,CMIG4,TOTS3
CMIG4-UGPA3,CMIG4,UGPA3
CMIG4-USIM5,CMIG4,USIM5
CMIG4-VALE3,CMIG4,VALE3
CMIG4-VAMO3,CMIG4,VAMO3
CMIG4-VIVA3,CMIG4,VIVA3
CMIG4-VIVT3,CMIG4,VIVT3
CMIG4-WEGE3,CMIG4,WEGE3
CMIG4-YDUQ3,CMIG4,YDUQ3
CMIN3-COGN3,CMIN3,COGN3
CMIN3-CPFE3,CMIN3,CPFE3
CMIN3-CPLE6,CMIN3,CPLE6
CMIN3-CSAN3,CMIN3,CSAN3
CMIN3-CSNA3,CMIN3,CSNA3
CMIN3-CVCB3,CMIN3,CVCB3
CMIN3-CXSE3,CMIN3,CXSE3
CMIN3-CYRE3,CMIN3,CYRE3
CMIN3-DIRR3,CMIN3,DIRR3
CMIN3-EGIE3,CMIN3,EGIE3
CMIN3-ELET3,CMIN3,ELET3
CMIN3-ELET6,CMIN3,ELET6
CMIN3-EMBR3,CMIN3,EMBR3
CMIN3-ENEV3,CMIN3,ENEV3
CMIN3-ENGI11,CMIN3,ENGI11
CMIN3-EQTL3,CMIN3,EQTL3
CMIN3-FLRY3,CMIN3,FLRY3
CMIN3-GGBR4,CMIN3,GGBR4
CMIN3-GOAU4,CMIN3,GOAU4
CMIN3-HYPE3,CMIN3,HYPE3
CMIN3-IGTI11,CMIN3,IGTI11
CMIN3-ISAE4,CMIN3,ISAE4
CMIN3-ITSA4,CMIN3,ITSA4
CMIN3-ITUB4,CMIN3,ITUB4
CMIN3-KLBN11,CMIN3,KLBN11
CMIN3-LREN3,CMIN3,LREN3
CMIN3-MOTV3,CMIN3,MOTV3
CMIN3-MRFG3,CMIN3,MRFG3
CMIN3-MRVE3,CMIN3,MRVE3
CMIN3-MULT3,CMIN3,MULT3
CMIN3-NATU3,CMIN3,NATU3
CMIN3-PETR3,CMIN3,PETR3
CMIN3-PETR4,CMIN3,PETR4
CMIN3-PETZ3,CMIN3,PETZ3
CMIN3-POMO4,CMIN3,POMO4
CMIN3-PRIO3,CMIN3,PRIO3
CMIN3-PSSA3,CMIN3,PSSA3
CMIN3-RADL3,CMIN3,RADL3
CMIN3-RAIL3,CMIN3,RAIL3
CMIN3-RAIZ4,CMIN3,RAIZ4
CMIN3-RDOR3,CMIN3,RDOR3
CMIN3-RECV3,CMIN3,RECV3
CMIN3-RENT3,CMIN3,RENT3
CMIN3-SANB11,CMIN3,SANB11
CMIN3-SBSP3,CMIN3,SBSP3
CMIN3-SLCE3,CMIN3,SLCE3
CMIN3-SMFT3,CMIN3,SMFT3
CMIN3-SMTO3,CMIN3,SMTO3
CMIN3-STBP3,CMIN3,STBP3
CMIN3-TAEE11,CMIN3,TAEE11
CMIN3-TIMS3,CMIN3,TIMS3
CMIN3-TOTS3,CMIN3,TOTS3
CMIN3-UGPA3,CMIN3,UGPA3
CMIN3-USIM5,CMIN3,USIM5
CMIN3-VALE3,CMIN3,VALE3
CMIN3-VAMO3,CMIN3,VAMO3
CMIN3-VIVA3,CMIN3,VIVA3
CMIN3-VIVT3,CMIN3,VIVT3
CMIN3-WEGE3,CMIN3,WEGE3
CMIN3-YDUQ3,CMIN3,YDUQ3
COGN3-CPFE3,COGN3,CPFE3
COGN3-CPLE6,COGN3,CPLE6
COGN3-CSAN3,COGN3,CSAN3
COGN3-CSNA3,COGN3,CSNA3
COGN3-CVCB3,COGN3,CVCB3
COGN3-CXSE3,COGN3,CXSE3
COGN3-CYRE3,COGN3,CYRE3
COGN3-DIRR3,COGN3,DIRR3
COGN3-EGIE3,COGN3,EGIE3
COGN3-ELET3,COGN3,ELET3
COGN3-ELET6,COGN3,ELET6
COGN3-EMBR3,COGN3,EMBR3
COGN3-ENEV3,COGN3,ENEV3
COGN3-ENGI11,COGN3,ENGI11
COGN3-EQTL3,COGN3,EQTL3
COGN3-FLRY3,COGN3,FLRY3
COGN3-GGBR4,COGN3,GGBR4
COGN3-GOAU4,COGN3,GOAU4
COGN3-HYPE3,COGN3,HYPE3
COGN3-IGTI11,COGN3,IGTI11
COGN3-ISAE4,COGN3,ISAE4
COGN3-ITSA4,COGN3,ITSA4
COGN3-ITUB4,COGN3,ITUB4
COGN3-KLBN11,COGN3,KLBN11
COGN3-LREN3,COGN3,LREN3
COGN3-MOTV3,COGN3,MOTV3
COGN3-MRFG3,COGN3,MRFG3
COGN3-MRVE3,COGN3,MRVE3
COGN3-MULT3,COGN3,MULT3
COGN3-NATU3,COGN3,NATU3
COGN3-PETR3,COGN3,PETR3
COGN3-PETR4,COGN3,PETR4
COGN3-PETZ3,COGN3,PETZ3
COGN3-POMO4,COGN3,POMO4
COGN3-PRIO3,COGN3,PRIO3
COGN3-PSSA3,COGN3,PSSA3
COGN3-RADL3,COGN3,RADL3
COGN3-RAIL3,COGN3,RAIL3
COGN3-RAIZ4,COGN3,RAIZ4
COGN3-RDOR3,COGN3,RDOR3
COGN3-RECV3,COGN3,RECV3
COGN3-RENT3,COGN3,RENT3
COGN3-SANB11,COGN3,SANB11
COGN3-SBSP3,COGN3,SBSP3
COGN3-SLCE3,COGN3,SLCE3
COGN3-SMFT3,COGN3,SMFT3
COGN3-SMTO3,COGN3,SMTO3
COGN3-STBP3,COGN3,STBP3
COGN3-TAEE11,COGN3,TAEE11
COGN3-TIMS3,COGN3,TIMS3
COGN3-TOTS3,COGN3,TOTS3
COGN3-UGPA3,COGN3,UGPA3
COGN3-USIM5,COGN3,USIM5
COGN3-VALE3,COGN3,VALE3
COGN3-VAMO3,COGN3,VAMO3
COGN3-VIVA3,COGN3,VIVA3
COGN3-VIVT3,COGN3,VIVT3
COGN3-WEGE3,COGN3,WEGE3
COGN3-YDUQ3,COGN3,YDUQ3
CPFE3-CPLE6,CPFE3,CPLE6
CPFE3-CSAN3,CPFE3,CSAN3
CPFE3-CSNA3,CPFE3,CSNA3
CPFE3-CVCB3,CPFE3,CVCB3
CPFE3-CXSE3,CPFE3,CXSE3
CPFE3-CYRE3,CPFE3,CYRE3
CPFE3-DIRR3,CPFE3,DIRR3
CPFE3-EGIE3,CPFE3,EGIE3
CPFE3-ELET3,CPFE3,ELET3
CPFE3-ELET6,CPFE3,ELET6
CPFE3-EMBR3,CPFE3,EMBR3
CPFE3-ENEV3,CPFE3,ENEV3
CPFE3-ENGI11,CPFE3,ENGI11
CPFE3-EQTL3,CPFE3,EQTL3
CPFE3-FLRY3,CPFE3,FLRY3
CPFE3-GGBR4,CPFE3,GGBR4
CPFE3-GOAU4,CPFE3,GOAU4
CPFE3-HYPE3,CPFE3,HYPE3
CPFE3-IGTI11,CPFE3,IGTI11
CPFE3-ISAE4,CPFE3,ISAE4
CPFE3-ITSA4,CPFE3,ITSA4
CPFE3-ITUB4,CPFE3,ITUB4
CPFE3-KLBN11,CPFE3,KLBN11
CPFE3-LREN3,CPFE3,LREN3
CPFE3-MOTV3,CPFE3,MOTV3
CPFE3-MRFG3,CPFE3,MRFG3
CPFE3-MRVE3,CPFE3,MRVE3
CPFE3-MULT3,CPFE3,MULT3
CPFE3-NATU3,CPFE3,NATU3
CPFE3-PETR3,CPFE3,PETR3
CPFE3-PETR4,CPFE3,PETR4
CPFE3-PETZ3,CPFE3,PETZ3
CPFE3-POMO4,CPFE3,POMO4
CPFE3-PRIO3,CPFE3,PRIO3
CPFE3-PSSA3,CPFE3,PSSA3
CPFE3-RADL3,CPFE3,RADL3
CPFE3-RAIL3,CPFE3,RAIL3
CPFE3-RAIZ4,CPFE3,RAIZ4
CPFE3-RDOR3,CPFE3,RDOR3
CPFE3-RECV3,CPFE3,RECV3
CPFE3-RENT3,CPFE3,RENT3
CPFE3-SANB11,CPFE3,SANB11
CPFE3-SBSP3,CPFE3,SBSP3
CPFE3-SLCE3,CPFE3,SLCE3
CPFE3-SMFT3,CPFE3,SMFT3
CPFE3-SMTO3,CPFE3,SMTO3
CPFE3-STBP3,CPFE3,STBP3
CPFE3-TAEE11,CPFE3,TAEE11
CPFE3-TIMS3,CPFE3,TIMS3
CPFE3-TOTS3,CPFE3,TOTS3
CPFE3-UGPA3,CPFE3,UGPA3
CPFE3-USIM5,CPFE3,USIM5
CPFE3-VALE3,CPFE3,VALE3
CPFE3-VAMO3,CPFE3,VAMO3
CPFE3-VIVA3,CPFE3,VIVA3
CPFE3-VIVT3,CPFE3,VIVT3
CPFE3-WEGE3,CPFE3,WEGE3
CPFE3-YDUQ3,CPFE3,YDUQ3
CPLE6-CSAN3,CPLE6,CSAN3
CPLE6-CSNA3,CPLE6,CSNA3
CPLE6-CVCB3,CPLE6,CVCB3
CPLE6-CXSE3,CPLE6,CXSE3
CPLE6-CYRE3,CPLE6,CYRE3
CPLE6-DIRR3,CPLE6,DIRR3
CPLE6-EGIE3,CPLE6,EGIE3
CPLE6-ELET3,CPLE6,ELET3
CPLE6-ELET6,CPLE6,ELET6
CPLE6-EMBR3,CPLE6,EMBR3
CPLE6-ENEV3,CPLE6,ENEV3
CPLE6-ENGI11,CPLE6,ENGI11
CPLE6-EQTL3,CPLE6,EQTL3
CPLE6-FLRY3,CPLE6,FLRY3
CPLE6-GGBR4,CPLE6,GGBR4
CPLE6-GOAU4,CPLE6,GOAU4
CPLE6-HYPE3,CPLE6,HYPE3
CPLE6-IGTI11,CPLE6,IGTI11
CPLE6-ISAE4,CPLE6,ISAE4
CPLE6-ITSA4,CPLE6,ITSA4
CPLE6-ITUB4,CPLE6,ITUB4
CPLE6-KLBN11,CPLE6,KLBN11
CPLE6-LREN3,CPLE6,LREN3
CPLE6-MOTV3,CPLE6,MOTV3
CPLE6-MRFG3,CPLE6,MRFG3
CPLE6-MRVE3,CPLE6,MRVE3
CPLE6-MULT3,CPLE6,MULT3
CPLE6-NATU3,CPLE6,NATU3
CPLE6-PETR3,CPLE6,PETR3
CPLE6-PETR4,CPLE6,PETR4
CPLE6-PETZ3,CPLE6,PETZ3
CPLE6-POMO4,CPLE6,POMO4
CPLE6-PRIO3,CPLE6,PRIO3
CPLE6-PSSA3,CPLE6,PSSA3
CPLE6-RADL3,CPLE6,RADL3
CPLE6-RAIL3,CPLE6,RAIL3
CPLE6-RAIZ4,CPLE6,RAIZ4
CPLE6-RDOR3,CPLE6,RDOR3
CPLE6-RECV3,CPLE6,RECV3
CPLE6-RENT3,CPLE6,RENT3
CPLE6-SANB11,CPLE6,SANB11
CPLE6-SBSP3,CPLE6,SBSP3
CPLE6-SLCE3,CPLE6,SLCE3
CPLE6-SMFT3,CPLE6,SMFT3
CPLE6-SMTO3,CPLE6,SMTO3
CPLE6-STBP3,CPLE6,STBP3
CPLE6-TAEE11,CPLE6,TAEE11
CPLE6-TIMS3,CPLE6,TIMS3
CPLE6-TOTS3,CPLE6,TOTS3
CPLE6-UGPA3,CPLE6,UGPA3
CPLE6-USIM5,CPLE6,USIM5
CPLE6-VALE3,CPLE6,VALE3
CPLE6-VAMO3,CPLE6,VAMO3
CPLE6-VIVA3,CPLE6,VIVA3
CPLE6-VIVT3,CPLE6,VIVT3
CPLE6-WEGE3,CPLE6,WEGE3
CPLE6-YDUQ3,CPLE6,YDUQ3
CSAN3-CSNA3,CSAN3,CSNA3
CSAN3-CVCB3,CSAN3,CVCB3
CSAN3-CXSE3,CSAN3,CXSE3
CSAN3-CYRE3,CSAN3,CYRE3
CSAN3-DIRR3,CSAN3,DIRR3
CSAN3-EGIE3,CSAN3,EGIE3
CSAN3-ELET3,CSAN3,ELET3
CSAN3-ELET6,CSAN3,ELET6
CSAN3-EMBR3,CSAN3,EMBR3
CSAN3-ENEV3,CSAN3,ENEV3
CSAN3-ENGI11,CSAN3,ENGI11
CSAN3-EQTL3,CSAN3,EQTL3
CSAN3-FLRY3,CSAN3,FLRY3
CSAN3-GGBR4,CSAN3,GGBR4
CSAN3-GOAU4,CSAN3,GOAU4
CSAN3-HYPE3,CSAN3,HYPE3
CSAN3-IGTI11,CSAN3,IGTI11
CSAN3-ISAE4,CSAN3,ISAE4
CSAN3-ITSA4,CSAN3,ITSA4
CSAN3-ITUB4,CSAN3,ITUB4
CSAN3-KLBN11,CSAN3,KLBN11
CSAN3-LREN3,CSAN3,LREN3
CSAN3-MOTV3,CSAN3,MOTV3
CSAN3-MRFG3,CSAN3,MRFG3
CSAN3-MRVE3,CSAN3,MRVE3
CSAN3-MULT3,CSAN3,MULT3
CSAN3-NATU3,CSAN3,NATU3
CSAN3-PETR3,CSAN3,PETR3
CSAN3-PETR4,CSAN3,PETR4
CSAN3-PETZ3,CSAN3,PETZ3
CSAN3-POMO4,CSAN3,POMO4
CSAN3-PRIO3,CSAN3,PRIO3
CSAN3-PSSA3,CSAN3,PSSA3
CSAN3-RADL3,CSAN3,RADL3
CSAN3-RAIL3,CSAN3,RAIL3
CSAN3-RAIZ4,CSAN3,RAIZ4
CSAN3-RDOR3,CSAN3,RDOR3
CSAN3-RECV3,CSAN3,RECV3
CSAN3-RENT3,CSAN3,RENT3
CSAN3-SANB11,CSAN3,SANB11
CSAN3-SBSP3,CSAN3,SBSP3
CSAN3-SLCE3,CSAN3,SLCE3
CSAN3-SMFT3,CSAN3,SMFT3
CSAN3-SMTO3,CSAN3,SMTO3
CSAN3-STBP3,CSAN3,STBP3
CSAN3-TAEE11,CSAN3,TAEE11
CSAN3-TIMS3,CSAN3,TIMS3
CSAN3-TOTS3,CSAN3,TOTS3
CSAN3-UGPA3,CSAN3,UGPA3
CSAN3-USIM5,CSAN3,USIM5
CSAN3-VALE3,CSAN3,VALE3
CSAN3-VAMO3,CSAN3,VAMO3
CSAN3-VIVA3,CSAN3,VIVA3
CSAN3-VIVT3,CSAN3,VIVT3
CSAN3-WEGE3,CSAN3,WEGE3
CSAN3-YDUQ3,CSAN3,YDUQ3
CSNA3-CVCB3,CSNA3,CVCB3
CSNA3-CXSE3,CSNA3,CXSE3
CSNA3-CYRE3,CSNA3,CYRE3
CSNA3-DIRR3,CSNA3,DIRR3
CSNA3-EGIE3,CSNA3,EGIE3
CSNA3-ELET3,CSNA3,ELET3
CSNA3-ELET6,CSNA3,ELET6
CSNA3-EMBR3,CSNA3,EMBR3
CSNA3-ENEV3,CSNA3,ENEV3
CSNA3-ENGI11,CSNA3,ENGI11
CSNA3-EQTL3,CSNA3,EQTL3
CSNA3-FLRY3,CSNA3,FLRY3
CSNA3-GGBR4,CSNA3,GGBR4
CSNA3-GOAU4,CSNA3,GOAU4
CSNA3-HYPE3,CSNA3,HYPE3
CSNA3-IGTI11,CSNA3,IGTI11
CSNA3-ISAE4,CSNA3,ISAE4
CSNA3-ITSA4,CSNA3,ITSA4
CSNA3-ITUB4,CSNA3,ITUB4
CSNA3-KLBN11,CSNA3,KLBN11
CSNA3-LREN3,CSNA3,LREN3
CSNA3-MOTV3,CSNA3,MOTV3
CSNA3-MRFG3,CSNA3,MRFG3
CSNA3-MRVE3,CSNA3,MRVE3
CSNA3-MULT3,CSNA3,MULT3
CSNA3-NATU3,CSNA3,NATU3
CSNA3-PETR3,CSNA3,PETR3
CSNA3-PETR4,CSNA3,PETR4
CSNA3-PETZ3,CSNA3,PETZ3
CSNA3-POMO4,CSNA3,POMO4
CSNA3-PRIO3,CSNA3,PRIO3
CSNA3-PSSA3,CSNA3,PSSA3
CSNA3-RADL3,CSNA3,RADL3
CSNA3-RAIL3,CSNA3,RAIL3
CSNA3-RAIZ4,CSNA3,RAIZ4
CSNA3-RDOR3,CSNA3,RDOR3
CSNA3-RECV3,CSNA3,RECV3
CSNA3-RENT3,CSNA3,RENT3
CSNA3-SANB11,CSNA3,SANB11
CSNA3-SBSP3,CSNA3,SBSP3
CSNA3-SLCE3,CSNA3,SLCE3
CSNA3-SMFT3,CSNA3,SMFT3
CSNA3-SMTO3,CSNA3,SMTO3
CSNA3-STBP3,CSNA3,STBP3
CSNA3-TAEE11,CSNA3,TAEE11
CSNA3-TIMS3,CSNA3,TIMS3
CSNA3-TOTS3,CSNA3,TOTS3
CSNA3-UGPA3,CSNA3,UGPA3
CSNA3-USIM5,CSNA3,USIM5
CSNA3-VALE3,CSNA3,VALE3
CSNA3-VAMO3,CSNA3,VAMO3
CSNA3-VIVA3,CSNA3,VIVA3
CSNA3-VIVT3,CSNA3,VIVT3
CSNA3-WEGE3,CSNA3,WEGE3
CSNA3-YDUQ3,CSNA3,YDUQ3
CVCB3-CXSE3,CVCB3,CXSE3
CVCB3-CYRE3,CVCB3,CYRE3
CVCB3-DIRR3,CVCB3,DIRR3
CVCB3-EGIE3,CVCB3,EGIE3
CVCB3-ELET3,CVCB3,ELET3
CVCB3-ELET6,CVCB3,ELET6
CVCB3-EMBR3,CVCB3,EMBR3
CVCB3-ENEV3,CVCB3,ENEV3
CVCB3-ENGI11,CVCB3,ENGI11
CVCB3-EQTL3,CVCB3,EQTL3
CVCB3-FLRY3,CVCB3,FLRY3
CVCB3-GGBR4,CVCB3,GGBR4
CVCB3-GOAU4,CVCB3,GOAU4
CVCB3-HYPE3,CVCB3,HYPE3
CVCB3-IGTI11,CVCB3,IGTI11
CVCB3-ISAE4,CVCB3,ISAE4
CVCB3-ITSA4,CVCB3,ITSA4
CVCB3-ITUB4,CVCB3,ITUB4
CVCB3-KLBN11,CVCB3,KLBN11
CVCB3-LREN3,CVCB3,LREN3
CVCB3-MOTV3,CVCB3,MOTV3
CVCB3-MRFG3,CVCB3,MRFG3
CVCB3-MRVE3,CVCB3,MRVE3
CVCB3-MULT3,CVCB3,MULT3
CVCB3-NATU3,CVCB3,NATU3
CVCB3-PETR3,CVCB3,PETR3
CVCB3-PETR4,CVCB3,PETR4
CVCB3-PETZ3,CVCB3,PETZ3
CVCB3-POMO4,CVCB3,POMO4
CVCB3-PRIO3,CVCB3,PRIO3
CVCB3-PSSA3,CVCB3,PSSA3
CVCB3-RADL3,CVCB3,RADL3
CVCB3-RAIL3,CVCB3,RAIL3
CVCB3-RAIZ4,CVCB3,RAIZ4
CVCB3-RDOR3,CVCB3,RDOR3
CVCB3-RECV3,CVCB3,RECV3
CVCB3-RENT3,CVCB3,RENT3
CVCB3-SANB11,CVCB3,SANB11
CVCB3-SBSP3,CVCB3,SBSP3
CVCB3-SLCE3,CVCB3,SLCE3
CVCB3-SMFT3,CVCB3,SMFT3
CVCB3-SMTO3,CVCB3,SMTO3
CVCB3-STBP3,CVCB3,STBP3
CVCB3-TAEE11,CVCB3,TAEE11
CVCB3-TIMS3,CVCB3,TIMS3
CVCB3-TOTS3,CVCB3,TOTS3
CVCB3-UGPA3,CVCB3,UGPA3
CVCB3-USIM5,CVCB3,USIM5
CVCB3-VALE3,CVCB3,VALE3
CVCB3-VAMO3,CVCB3,VAMO3
CVCB3-VIVA3,CVCB3,VIVA3
CVCB3-VIVT3,CVCB3,VIVT3
CVCB3-WEGE3,CVCB3,WEGE3
CVCB3-YDUQ3,CVCB3,YDUQ3
CXSE3-CYRE3,CXSE3,CYRE3
CXSE3-DIRR3,CXSE3,DIRR3
CXSE3-EGIE3,CXSE3,EGIE3
CXSE3-ELET3,CXSE3,ELET3
CXSE3-ELET6,CXSE3,ELET6
CXSE3-EMBR3,CXSE3,EMBR3
CXSE3-ENEV3,CXSE3,ENEV3
CXSE3-ENGI11,CXSE3,ENGI11
CXSE3-EQTL3,CXSE3,EQTL3
CXSE3-FLRY3,CXSE3,FLRY3
CXSE3-GGBR4,CXSE3,GGBR4
CXSE3-GOAU4,CXSE3,GOAU4
CXSE3-HYPE3,CXSE3,HYPE3
CXSE3-IGTI11,CXSE3,IGTI11
CXSE3-ISAE4,CXSE3,ISAE4
CXSE3-ITSA4,CXSE3,ITSA4
CXSE3-ITUB4,CXSE3,ITUB4
CXSE3-KLBN11,CXSE3,KLBN11
CXSE3-LREN3,CXSE3,LREN3
CXSE3-MOTV3,CXSE3,MOTV3
CXSE3-MRFG3,CXSE3,MRFG3
CXSE3-MRVE3,CXSE3,MRVE3
CXSE3-MULT3,CXSE3,MULT3
CXSE3-NATU3,CXSE3,NATU3
CXSE3-PETR3,CXSE3,PETR3
CXSE3-PETR4,CXSE3,PETR4
CXSE3-PETZ3,CXSE3,PETZ3
CXSE3-POMO4,CXSE3,POMO4
CXSE3-PRIO3,CXSE3,PRIO3
CXSE3-PSSA3,CXSE3,PSSA3
CXSE3-RADL3,CXSE3,RADL3
CXSE3-RAIL3,CXSE3,RAIL3
CXSE3-RAIZ4,CXSE3,RAIZ4
CXSE3-RDOR3,CXSE3,RDOR3
CXSE3-RECV3,CXSE3,RECV3
CXSE3-RENT3,CXSE3,RENT3
CXSE3-SANB11,CXSE3,SANB11
CXSE3-SBSP3,CXSE3,SBSP3
CXSE3-SLCE3,CXSE3,SLCE3
CXSE3-SMFT3,CXSE3,SMFT3
CXSE3-SMTO3,CXSE3,SMTO3
CXSE3-STBP3,CXSE3,STBP3
CXSE3-TAEE11,CXSE3,TAEE11
CXSE3-TIMS3,CXSE3,TIMS3
CXSE3-TOTS3,CXSE3,TOTS3
CXSE3-UGPA3,CXSE3,UGPA3
CXSE3-USIM5,CXSE3,USIM5
CXSE3-VALE3,CXSE3,VALE3
CXSE3-VAMO3,CXSE3,VAMO3
CXSE3-VIVA3,CXSE3,VIVA3
CXSE3-VIVT3,CXSE3,VIVT3
CXSE3-WEGE3,CXSE3,WEGE3
CXSE3-YDUQ3,CXSE3,YDUQ3
CYRE3-DIRR3,CYRE3,DIRR3
CYRE3-EGIE3,CYRE3,EGIE3
CYRE3-ELET3,CYRE3,ELET3
CYRE3-ELET6,CYRE3,ELET6
CYRE3-EMBR3,CYRE3,EMBR3
CYRE3-ENEV3,CYRE3,ENEV3
CYRE3-ENGI11,CYRE3,ENGI11
CYRE3-EQTL3,CYRE3,EQTL3
CYRE3-FLRY3,CYRE3,FLRY3
CYRE3-GGBR4,CYRE3,GGBR4
CYRE3-GOAU4,CYRE3,GOAU4
CYRE3-HYPE3,CYRE3,HYPE3
CYRE3-IGTI11,CYRE3,IGTI11
CYRE3-ISAE4,CYRE3,ISAE4
CYRE3-ITSA4,CYRE3,ITSA4
CYRE3-ITUB4,CYRE3,ITUB4
CYRE3-KLBN11,CYRE3,KLBN11
CYRE3-LREN3,CYRE3,LREN3
CYRE3-MOTV3,CYRE3,MOTV3
CYRE3-MRFG3,CYRE3,MRFG3
CYRE3-MRVE3,CYRE3,MRVE3
CYRE3-MULT3,CYRE3,MULT3
CYRE3-NATU3,CYRE3,NATU3
CYRE3-PETR3,CYRE3,PETR3
CYRE3-PETR4,CYRE3,PETR4
CYRE3-PETZ3,CYRE3,PETZ3
CYRE3-POMO4,CYRE3,POMO4
CYRE3-PRIO3,CYRE3,PRIO3
CYRE3-PSSA3,CYRE3,PSSA3
CYRE3-RADL3,CYRE3,RADL3
CYRE3-RAIL3,CYRE3,RAIL3
CYRE3-RAIZ4,CYRE3,RAIZ4
CYRE3-RDOR3,CYRE3,RDOR3
CYRE3-RECV3,CYRE3,RECV3
CYRE3-RENT3,CYRE3,RENT3
CYRE3-SANB11,CYRE3,SANB11
CYRE3-SBSP3,CYRE3,SBSP3
CYRE3-SLCE3,CYRE3,SLCE3
CYRE3-SMFT3,CYRE3,SMFT3
CYRE3-SMTO3,CYRE3,SMTO3
CYRE3-STBP3,CYRE3,STBP3
CYRE3-TAEE11,CYRE3,TAEE11
CYRE3-TIMS3,CYRE3,TIMS3
CYRE3-TOTS3,CYRE3,TOTS3
CYRE3-UGPA3,CYRE3,UGPA3
CYRE3-USIM5,CYRE3,USIM5
CYRE3-VALE3,CYRE3,VALE3
CYRE3-VAMO3,CYRE3,VAMO3
CYRE3-VIVA3,CYRE3,VIVA3
CYRE3-VIVT3,CYRE3,VIVT3
CYRE3-WEGE3,CYRE3,WEGE3
CYRE3-YDUQ3,CYRE3,YDUQ3
DIRR3-EGIE3,DIRR3,EGIE3
DIRR3-ELET3,DIRR3,ELET3
DIRR3-ELET6,DIRR3,ELET6
DIRR3-EMBR3,DIRR3,EMBR3
DIRR3-ENEV3,DIRR3,ENEV3
DIRR3-ENGI11,DIRR3,ENGI11
DIRR3-EQTL3,DIRR3,EQTL3
DIRR3-FLRY3,DIRR3,FLRY3
DIRR3-GGBR4,DIRR3,GGBR4
DIRR3-GOAU4,DIRR3,GOAU4
DIRR3-HYPE3,DIRR3,HYPE3
DIRR3-IGTI11,DIRR3,IGTI11
DIRR3-ISAE4,DIRR3,ISAE4
DIRR3-ITSA4,DIRR3,ITSA4
DIRR3-ITUB4,DIRR3,ITUB4
DIRR3-KLBN11,DIRR3,KLBN11
DIRR3-LREN3,DIRR3,LREN3
DIRR3-MOTV3,DIRR3,MOTV3
DIRR3-MRFG3,DIRR3,MRFG3
DIRR3-MRVE3,DIRR3,MRVE3
DIRR3-MULT3,DIRR3,MULT3
DIRR3-NATU3,DIRR3,NATU3
DIRR3-PETR3,DIRR3,PETR3
DIRR3-PETR4,DIRR3,PETR4
DIRR3-PETZ3,DIRR3,PETZ3
DIRR3-POMO4,DIRR3,POMO4
DIRR3-PRIO3,DIRR3,PRIO3
DIRR3-PSSA3,DIRR3,PSSA3
DIRR3-RADL3,DIRR3,RADL3
DIRR3-RAIL3,DIRR3,RAIL3
DIRR3-RAIZ4,DIRR3,RAIZ4
DIRR3-RDOR3,DIRR3,RDOR3
DIRR3-RECV3,DIRR3,RECV3
DIRR3-RENT3,DIRR3,RENT3
DIRR3-SANB11,DIRR3,SANB11
DIRR3-SBSP3,DIRR3,SBSP3
DIRR3-SLCE3,DIRR3,SLCE3
DIRR3-SMFT3,DIRR3,SMFT3
DIRR3-SMTO3,DIRR3,SMTO3
DIRR3-STBP3,DIRR3,STBP3
DIRR3-TAEE11,DIRR3,TAEE11
DIRR3-TIMS3,DIRR3,TIMS3
DIRR3-TOTS3,DIRR3,TOTS3
DIRR3-UGPA3,DIRR3,UGPA3
DIRR3-USIM5,DIRR3,USIM5
DIRR3-VALE3,DIRR3,VALE3
DIRR3-VAMO3,DIRR3,VAMO3
DIRR3-VIVA3,DIRR3,VIVA3
DIRR3-VIVT3,DIRR3,VIVT3
DIRR3-WEGE3,DIRR3,WEGE3
DIRR3-YDUQ3,DIRR3,YDUQ3
EGIE3-ELET3,EGIE3,ELET3
EGIE3-ELET6,EGIE3,ELET6
EGIE3-EMBR3,EGIE3,EMBR3
EGIE3-ENEV3,EGIE3,ENEV3
EGIE3-ENGI11,EGIE3,ENGI11
EGIE3-EQTL3,EGIE3,EQTL3
EGIE3-FLRY3,EGIE3,FLRY3
EGIE3-GGBR4,EGIE3,GGBR4
EGIE3-GOAU4,EGIE3,GOAU4
EGIE3-HYPE3,EGIE3,HYPE3
EGIE3-IGTI11,EGIE3,IGTI11
EGIE3-ISAE4,EGIE3,ISAE4
EGIE3-ITSA4,EGIE3,ITSA4
EGIE3-ITUB4,EGIE3,ITUB4
EGIE3-KLBN11,EGIE3,KLBN11
EGIE3-LREN3,EGIE3,LREN3
EGIE3-MOTV3,EGIE3,MOTV3
EGIE3-MRFG3,EGIE3,MRFG3
EGIE3-MRVE3,EGIE3,MRVE3
EGIE3-MULT3,EGIE3,MULT3
EGIE3-NATU3,EGIE3,NATU3
EGIE3-PETR3,EGIE3,PETR3
EGIE3-PETR4,EGIE3,PETR4
EGIE3-PETZ3,EGIE3,PETZ3
EGIE3-POMO4,EGIE3,POMO4
EGIE3-PRIO3,EGIE3,PRIO3
EGIE3-PSSA3,EGIE3,PSSA3
EGIE3-RADL3,EGIE3,RADL3
EGIE3-RAIL3,EGIE3,RAIL3
EGIE3-RAIZ4,EGIE3,RAIZ4
EGIE3-RDOR3,EGIE3,RDOR3
EGIE3-RECV3,EGIE3,RECV3
EGIE3-RENT3,EGIE3,RENT3
EGIE3-SANB11,EGIE3,SANB11
EGIE3-SBSP3,EGIE3,SBSP3
EGIE3-SLCE3,EGIE3,SLCE3
EGIE3-SMFT3,EGIE3,SMFT3
EGIE3-SMTO3,EGIE3,SMTO3
EGIE3-STBP3,EGIE3,STBP3
EGIE3-TAEE11,EGIE3,TAEE11
EGIE3-TIMS3,EGIE3,TIMS3
EGIE3-TOTS3,EGIE3,TOTS3
EGIE3-UGPA3,EGIE3,UGPA3
EGIE3-USIM5,EGIE3,USIM5
EGIE3-VALE3,EGIE3,VALE3
EGIE3-VAMO3,EGIE3,VAMO3
EGIE3-VIVA3,EGIE3,VIVA3
EGIE3-VIVT3,EGIE3,VIVT3
EGIE3-WEGE3,EGIE3,WEGE3
EGIE3-YDUQ3,EGIE3,YDUQ3
ELET3-ELET6,ELET3,ELET6
ELET3-EMBR3,ELET3,EMBR3
ELET3-ENEV3,ELET3,ENEV3
ELET3-ENGI11,ELET3,ENGI11
ELET3-EQTL3,ELET3,EQTL3
ELET3-FLRY3,ELET3,FLRY3
ELET3-GGBR4,ELET3,GGBR4
ELET3-GOAU4,ELET3,GOAU4
ELET3-HYPE3,ELET3,HYPE3
ELET3-IGTI11,ELET3,IGTI11
ELET3-ISAE4,ELET3,ISAE4
ELET3-ITSA4,ELET3,ITSA4
ELET3-ITUB4,ELET3,ITUB4
ELET3-KLBN11,ELET3,KLBN11
ELET3-LREN3,ELET3,LREN3
ELET3-MOTV3,ELET3,MOTV3
ELET3-MRFG3,ELET3,MRFG3
ELET3-MRVE3,ELET3,MRVE3
ELET3-MULT3,ELET3,MULT3
ELET3-NATU3,ELET3,NATU3
ELET3-PETR3,ELET3,PETR3
ELET3-PETR4,ELET3,PETR4
ELET3-PETZ3,ELET3,PETZ3
ELET3-POMO4,ELET3,POMO4
ELET3-PRIO3,ELET3,PRIO3
ELET3-PSSA3,ELET3,PSSA3
ELET3-RADL3,ELET3,RADL3
ELET3-RAIL3,ELET3,RAIL3
ELET3-RAIZ4,ELET3,RAIZ4
ELET3-RDOR3,ELET3,RDOR3
ELET3-RECV3,ELET3,RECV3
ELET3-RENT3,ELET3,RENT3
ELET3-SANB11,ELET3,SANB11
ELET3-SBSP3,ELET3,SBSP3
ELET3-SLCE3,ELET3,SLCE3
ELET3-SMFT3,ELET3,SMFT3
ELET3-SMTO3,ELET3,SMTO3
ELET3-STBP3,ELET3,STBP3
ELET3-TAEE11,ELET3,TAEE11
ELET3-TIMS3,ELET3,TIMS3
ELET3-TOTS3,ELET3,TOTS3
ELET3-UGPA3,ELET3,UGPA3
ELET3-USIM5,ELET3,USIM5
ELET3-VALE3,ELET3,VALE3
ELET3-VAMO3,ELET3,VAMO3
ELET3-VIVA3,ELET3,VIVA3
ELET3-VIVT3,ELET3,VIVT3
ELET3-WEGE3,ELET3,WEGE3
ELET3-YDUQ3,ELET3,YDUQ3
ELET6-EMBR3,ELET6,EMBR3
ELET6-ENEV3,ELET6,ENEV3
ELET6-ENGI11,ELET6,ENGI11
ELET6-EQTL3,ELET6,EQTL3
ELET6-FLRY3,ELET6,FLRY3
ELET6-GGBR4,ELET6,GGBR4
ELET6-GOAU4,ELET6,GOAU4
ELET6-HYPE3,ELET6,HYPE3
ELET6-IGTI11,ELET6,IGTI11
ELET6-ISAE4,ELET6,ISAE4
ELET6-ITSA4,ELET6,ITSA4
ELET6-ITUB4,ELET6,ITUB4
ELET6-KLBN11,ELET6,KLBN11
ELET6-LREN3,ELET6,LREN3
ELET6-MOTV3,ELET6,MOTV3
ELET6-MRFG3,ELET6,MRFG3
ELET6-MRVE3,ELET6,MRVE3
ELET6-MULT3,ELET6,MULT3
ELET6-NATU3,ELET6,NATU3
ELET6-PETR3,ELET6,PETR3
ELET6-PETR4,ELET6,PETR4
ELET6-PETZ3,ELET6,PETZ3
ELET6-POMO4,ELET6,POMO4
ELET6-PRIO3,ELET6,PRIO3
ELET6-PSSA3,ELET6,PSSA3
ELET6-RADL3,ELET6,RADL3
ELET6-RAIL3,ELET6,RAIL3
ELET6-RAIZ4,ELET6,RAIZ4
ELET6-RDOR3,ELET6,RDOR3
ELET6-RECV3,ELET6,RECV3
ELET6-RENT3,ELET6,RENT3
ELET6-SANB11,ELET6,SANB11
ELET6-SBSP3,ELET6,SBSP3
ELET6-SLCE3,ELET6,SLCE3
ELET6-SMFT3,ELET6,SMFT3
ELET6-SMTO3,ELET6,SMTO3
ELET6-STBP3,ELET6,STBP3
ELET6-TAEE11,ELET6,TAEE11
ELET6-TIMS3,ELET6,TIMS3
ELET6-TOTS3,ELET6,TOTS3
ELET6-UGPA3,ELET6,UGPA3
ELET6-USIM5,ELET6,USIM5
ELET6-VALE3,ELET6,VALE3
ELET6-VAMO3,ELET6,VAMO3
ELET6-VIVA3,ELET6,VIVA3
ELET6-VIVT3,ELET6,VIVT3
ELET6-WEGE3,ELET6,WEGE3
ELET6-YDUQ3,ELET6,YDUQ3
EMBR3-ENEV3,EMBR3,ENEV3
EMBR3-ENGI11,EMBR3,ENGI11
EMBR3-EQTL3,EMBR3,EQTL3
EMBR3-FLRY3,EMBR3,FLRY3
EMBR3-GGBR4,EMBR3,GGBR4
EMBR3-GOAU4,EMBR3,GOAU4
EMBR3-HYPE3,EMBR3,HYPE3
EMBR3-IGTI11,EMBR3,IGTI11
EMBR3-ISAE4,EMBR3,ISAE4
EMBR3-ITSA4,EMBR3,ITSA4
EMBR3-ITUB4,EMBR3,ITUB4
EMBR3-KLBN11,EMBR3,KLBN11
EMBR3-LREN3,EMBR3,LREN3
EMBR3-MOTV3,EMBR3,MOTV3
EMBR3-MRFG3,EMBR3,MRFG3
EMBR3-MRVE3,EMBR3,MRVE3
EMBR3-MULT3,EMBR3,MULT3
EMBR3-NATU3,EMBR3,NATU3
EMBR3-PETR3,EMBR3,PETR3
EMBR3-PETR4,EMBR3,PETR4
EMBR3-PETZ3,EMBR3,PETZ3
EMBR3-POMO4,EMBR3,POMO4
EMBR3-PRIO3,EMBR3,PRIO3
EMBR3-PSSA3,EMBR3,PSSA3
EMBR3-RADL3,EMBR3,RADL3
EMBR3-RAIL3,EMBR3,RAIL3
EMBR3-RAIZ4,EMBR3,RAIZ4
EMBR3-RDOR3,EMBR3,RDOR3
EMBR3-RECV3,EMBR3,RECV3
EMBR3-RENT3,EMBR3,RENT3
EMBR3-SANB11,EMBR3,SANB11
EMBR3-SBSP3,EMBR3,SBSP3
EMBR3-SLCE3,EMBR3,SLCE3
EMBR3-SMFT3,EMBR3,SMFT3
EMBR3-SMTO3,EMBR3,SMTO3
EMBR3-STBP3,EMBR3,STBP3
EMBR3-TAEE11,EMBR3,TAEE11
EMBR3-TIMS3,EMBR3,TIMS3
EMBR3-TOTS3,EMBR3,TOTS3
EMBR3-UGPA3,EMBR3,UGPA3
EMBR3-USIM5,EMBR3,USIM5
EMBR3-VALE3,EMBR3,VALE3
EMBR3-VAMO3,EMBR3,VAMO3
EMBR3-VIVA3,EMBR3,VIVA3
EMBR3-VIVT3,EMBR3,VIVT3
EMBR3-WEGE3,EMBR3,WEGE3
EMBR3-YDUQ3,EMBR3,YDUQ3
ENEV3-ENGI11,ENEV3,ENGI11
ENEV3-EQTL3,ENEV3,EQTL3
ENEV3-FLRY3,ENEV3,FLRY3
ENEV3-GGBR4,ENEV3,GGBR4
ENEV3-GOAU4,ENEV3,GOAU4
ENEV3-HYPE3,ENEV3,HYPE3
ENEV3-IGTI11,ENEV3,IGTI11
ENEV3-ISAE4,ENEV3,ISAE4
ENEV3-ITSA4,ENEV3,ITSA4
ENEV3-ITUB4,ENEV3,ITUB4
ENEV3-KLBN11,ENEV3,KLBN11
ENEV3-LREN3,ENEV3,LREN3
ENEV3-MOTV3,ENEV3,MOTV3
ENEV3-MRFG3,ENEV3,MRFG3
ENEV3-MRVE3,ENEV3,MRVE3
ENEV3-MULT3,ENEV3,MULT3
ENEV3-NATU3,ENEV3,NATU3
ENEV3-PETR3,ENEV3,PETR3
ENEV3-PETR4,ENEV3,PETR4
ENEV3-PETZ3,ENEV3,PETZ3
ENEV3-POMO4,ENEV3,POMO4
ENEV3-PRIO3,ENEV3,PRIO3
ENEV3-PSSA3,ENEV3,PSSA3
ENEV3-RADL3,ENEV3,RADL3
ENEV3-RAIL3,ENEV3,RAIL3
ENEV3-RAIZ4,ENEV3,RAIZ4
ENEV3-RDOR3,ENEV3,RDOR3
ENEV3-RECV3,ENEV3,RECV3
ENEV3-RENT3,ENEV3,RENT3
ENEV3-SANB11,ENEV3,SANB11
ENEV3-SBSP3,ENEV3,SBSP3
ENEV3-SLCE3,ENEV3,SLCE3
ENEV3-SMFT3,ENEV3,SMFT3
ENEV3-SMTO3,ENEV3,SMTO3
ENEV3-STBP3,ENEV3,STBP3
ENEV3-TAEE11,ENEV3,TAEE11
ENEV3-TIMS3,ENEV3,TIMS3
ENEV3-TOTS3,ENEV3,TOTS3
ENEV3-UGPA3,ENEV3,UGPA3
ENEV3-USIM5,ENEV3,USIM5
ENEV3-VALE3,ENEV3,VALE3
ENEV3-VAMO3,ENEV3,VAMO3
ENEV3-VIVA3,ENEV3,VIVA3
ENEV3-VIVT3,ENEV3,VIVT3
ENEV3-WEGE3,ENEV3,WEGE3
ENEV3-YDUQ3,ENEV3,YDUQ3
ENGI11-EQTL3,ENGI11,EQTL3
ENGI11-FLRY3,ENGI11,FLRY3
ENGI11-GGBR4,ENGI11,GGBR4
ENGI11-GOAU4,ENGI11,GOAU4
ENGI11-HYPE3,ENGI11,HYPE3
ENGI11-IGTI11,ENGI11,IGTI11
ENGI11-ISAE4,ENGI11,ISAE4
ENGI11-ITSA4,ENGI11,ITSA4
ENGI11-ITUB4,ENGI11,ITUB4
ENGI11-KLBN11,ENGI11,KLBN11
ENGI11-LREN3,ENGI11,LREN3
ENGI11-MOTV3,ENGI11,MOTV3
ENGI11-MRFG3,ENGI11,MRFG3
ENGI11-MRVE3,ENGI11,MRVE3
ENGI11-MULT3,ENGI11,MULT3
ENGI11-NATU3,ENGI11,NATU3
ENGI11-PETR3,ENGI11,PETR3
ENGI11-PETR4,ENGI11,PETR4
ENGI11-PETZ3,ENGI11,PETZ3
ENGI11-POMO4,ENGI11,POMO4
ENGI11-PRIO3,ENGI11,PRIO3
ENGI11-PSSA3,ENGI11,PSSA3
ENGI11-RADL3,ENGI11,RADL3
ENGI11-RAIL3,ENGI11,RAIL3
ENGI11-RAIZ4,ENGI11,RAIZ4
ENGI11-RDOR3,ENGI11,RDOR3
ENGI11-RECV3,ENGI11,RECV3
ENGI11-RENT3,ENGI11,RENT3
ENGI11-SANB11,ENGI11,SANB11
ENGI11-SBSP3,ENGI11,SBSP3
ENGI11-SLCE3,ENGI11,SLCE3
ENGI11-SMFT3,ENGI11,SMFT3
ENGI11-SMTO3,ENGI11,SMTO3
ENGI11-STBP3,ENGI11,STBP3
ENGI11-TAEE11,ENGI11,TAEE11
ENGI11-TIMS3,ENGI11,TIMS3
ENGI11-TOTS3,ENGI11,TOTS3
ENGI11-UGPA3,ENGI11,UGPA3
ENGI11-USIM5,ENGI11,USIM5
ENGI11-VALE3,ENGI11,VALE3
ENGI11-VAMO3,ENGI11,VAMO3
ENGI11-VIVA3,ENGI11,VIVA3
ENGI11-VIVT3,ENGI11,VIVT3
ENGI11-WEGE3,ENGI11,WEGE3
ENGI11-YDUQ3,ENGI11,YDUQ3
EQTL3-FLRY3,EQTL3,FLRY3
EQTL3-GGBR4,EQTL3,GGBR4
EQTL3-GOAU4,EQTL3,GOAU4
EQTL3-HYPE3,EQTL3,HYPE3
EQTL3-IGTI11,EQTL3,IGTI11
EQTL3-ISAE4,EQTL3,ISAE4
EQTL3-ITSA4,EQTL3,ITSA4
EQTL3-ITUB4,EQTL3,ITUB4
EQTL3-KLBN11,EQTL3,KLBN11
EQTL3-LREN3,EQTL3,LREN3
EQTL3-MOTV3,EQTL3,MOTV3
EQTL3-MRFG3,EQTL3,MRFG3
EQTL3-MRVE3,EQTL3,MRVE3
EQTL3-MULT3,EQTL3,MULT3
EQTL3-NATU3,EQTL3,NATU3
EQTL3-PETR3,EQTL3,PETR3
EQTL3-PETR4,EQTL3,PETR4
EQTL3-PETZ3,EQTL3,PETZ3
EQTL3-POMO4,EQTL3,POMO4
EQTL3-PRIO3,EQTL3,PRIO3
EQTL3-PSSA3,EQTL3,PSSA3
EQTL3-RADL3,EQTL3,RADL3
EQTL3-RAIL3,EQTL3,RAIL3
EQTL3-RAIZ4,EQTL3,RAIZ4
EQTL3-RDOR3,EQTL3,RDOR3
EQTL3-RECV3,EQTL3,RECV3
EQTL3-RENT3,EQTL3,RENT3
EQTL3-SANB11,EQTL3,SANB11
EQTL3-SBSP3,EQTL3,SBSP3
EQTL3-SLCE3,EQTL3,SLCE3
EQTL3-SMFT3,EQTL3,SMFT3
EQTL3-SMTO3,EQTL3,SMTO3
EQTL3-STBP3,EQTL3,STBP3
EQTL3-TAEE11,EQTL3,TAEE11
EQTL3-TIMS3,EQTL3,TIMS3
EQTL3-TOTS3,EQTL3,TOTS3
EQTL3-UGPA3,EQTL3,UGPA3
EQTL3-USIM5,EQTL3,USIM5
EQTL3-VALE3,EQTL3,VALE3
EQTL3-VAMO3,EQTL3,VAMO3
EQTL3-VIVA3,EQTL3,VIVA3
EQTL3-VIVT3,EQTL3,VIVT3
EQTL3-WEGE3,EQTL3,WEGE3
EQTL3-YDUQ3,EQTL3,YDUQ3
FLRY3-GGBR4,FLRY3,GGBR4
FLRY3-GOAU4,FLRY3,GOAU4
FLRY3-HYPE3,FLRY3,HYPE3
FLRY3-IGTI11,FLRY3,IGTI11
FLRY3-ISAE4,FLRY3,ISAE4
FLRY3-ITSA4,FLRY3,ITSA4
FLRY3-ITUB4,FLRY3,ITUB4
FLRY3-KLBN11,FLRY3,KLBN11
FLRY3-LREN3,FLRY3,LREN3
FLRY3-MOTV3,FLRY3,MOTV3
FLRY3-MRFG3,FLRY3,MRFG3
FLRY3-MRVE3,FLRY3,MRVE3
FLRY3-MULT3,FLRY3,MULT3
FLRY3-NATU3,FLRY3,NATU3
FLRY3-PETR3,FLRY3,PETR3
FLRY3-PETR4,FLRY3,PETR4
FLRY3-PETZ3,FLRY3,PETZ3
FLRY3-POMO4,FLRY3,POMO4
FLRY3-PRIO3,FLRY3,PRIO3
FLRY3-PSSA3,FLRY3,PSSA3
FLRY3-RADL3,FLRY3,RADL3
FLRY3-RAIL3,FLRY3,RAIL3
FLRY3-RAIZ4,FLRY3,RAIZ4
FLRY3-RDOR3,FLRY3,RDOR3
FLRY3-RECV3,FLRY3,RECV3
FLRY3-RENT3,FLRY3,RENT3
FLRY3-SANB11,FLRY3,SANB11
FLRY3-SBSP3,FLRY3,SBSP3
FLRY3-SLCE3,FLRY3,SLCE3
FLRY3-SMFT3,FLRY3,SMFT3
FLRY3-SMTO3,FLRY3,SMTO3
FLRY3-STBP3,FLRY3,STBP3
FLRY3-TAEE11,FLRY3,TAEE11
FLRY3-TIMS3,FLRY3,TIMS3
FLRY3-TOTS3,FLRY3,TOTS3
FLRY3-UGPA3,FLRY3,UGPA3
FLRY3-USIM5,FLRY3,USIM5
FLRY3-VALE3,FLRY3,VALE3
FLRY3-VAMO3,FLRY3,VAMO3
FLRY3-VIVA3,FLRY3,VIVA3
FLRY3-VIVT3,FLRY3,VIVT3
FLRY3-WEGE3,FLRY3,WEGE3
FLRY3-YDUQ3,FLRY3,YDUQ3
GGBR4-GOAU4,GGBR4,GOAU4
GGBR4-HYPE3,GGBR4,HYPE3
GGBR4-IGTI11,GGBR4,IGTI11
GGBR4-ISAE4,GGBR4,ISAE4
GGBR4-ITSA4,GGBR4,ITSA4
GGBR4-ITUB4,GGBR4,ITUB4
GGBR4-KLBN11,GGBR4,KLBN11
GGBR4-LREN3,GGBR4,LREN3
GGBR4-MOTV3,GGBR4,MOTV3
GGBR4-MRFG3,GGBR4,MRFG3
GGBR4-MRVE3,GGBR4,MRVE3
GGBR4-MULT3,GGBR4,MULT3
GGBR4-NATU3,GGBR4,NATU3
GGBR4-PETR3,GGBR4,PETR3
GGBR4-PETR4,GGBR4,PETR4
GGBR4-PETZ3,GGBR4,PETZ3
GGBR4-POMO4,GGBR4,POMO4
GGBR4-PRIO3,GGBR4,PRIO3
GGBR4-PSSA3,GGBR4,PSSA3
GGBR4-RADL3,GGBR4,RADL3
GGBR4-RAIL3,GGBR4,RAIL3
GGBR4-RAIZ4,GGBR4,RAIZ4
GGBR4-RDOR3,GGBR4,RDOR3
GGBR4-RECV3,GGBR4,RECV3
GGBR4-RENT3,GGBR4,RENT3
GGBR4-SANB11,GGBR4,SANB11
GGBR4-SBSP3,GGBR4,SBSP3
GGBR4-SLCE3,GGBR4,SLCE3
GGBR4-SMFT3,GGBR4,SMFT3
GGBR4-SMTO3,GGBR4,SMTO3
GGBR4-STBP3,GGBR4,STBP3
GGBR4-TAEE11,GGBR4,TAEE11
GGBR4-TIMS3,GGBR4,TIMS3
GGBR4-TOTS3,GGBR4,TOTS3
GGBR4-UGPA3,GGBR4,UGPA3
GGBR4-USIM5,GGBR4,USIM5
GGBR4-VALE3,GGBR4,VALE3
GGBR4-VAMO3,GGBR4,VAMO3
GGBR4-VIVA3,GGBR4,VIVA3
GGBR4-VIVT3,GGBR4,VIVT3
GGBR4-WEGE3,GGBR4,WEGE3
GGBR4-YDUQ3,GGBR4,YDUQ3
GOAU4-HYPE3,GOAU4,HYPE3
GOAU4-IGTI11,GOAU4,IGTI11
GOAU4-ISAE4,GOAU4,ISAE4
GOAU4-ITSA4,GOAU4,ITSA4
GOAU4-ITUB4,GOAU4,ITUB4
GOAU4-KLBN11,GOAU4,KLBN11
GOAU4-LREN3,GOAU4,LREN3
GOAU4-MOTV3,GOAU4,MOTV3
GOAU4-MRFG3,GOAU4,MRFG3
GOAU4-MRVE3,GOAU4,MRVE3
GOAU4-MULT3,GOAU4,MULT3
GOAU4-NATU3,GOAU4,NATU3
GOAU4-PETR3,GOAU4,PETR3
GOAU4-PETR4,GOAU4,PETR4
GOAU4-PETZ3,GOAU4,PETZ3
GOAU4-POMO4,GOAU4,POMO4
GOAU4-PRIO3,GOAU4,PRIO3
GOAU4-PSSA3,GOAU4,PSSA3
GOAU4-RADL3,GOAU4,RADL3
GOAU4-RAIL3,GOAU4,RAIL3
GOAU4-RAIZ4,GOAU4,RAIZ4
GOAU4-RDOR3,GOAU4,RDOR3
GOAU4-RECV3,GOAU4,RECV3
GOAU4-RENT3,GOAU4,RENT3
GOAU4-SANB11,GOAU4,SANB11
GOAU4-SBSP3,GOAU4,SBSP3
GOAU4-SLCE3,GOAU4,SLCE3
GOAU4-SMFT3,GOAU4,SMFT3
GOAU4-SMTO3,GOAU4,SMTO3
GOAU4-STBP3,GOAU4,STBP3
GOAU4-TAEE11,GOAU4,TAEE11
GOAU4-TIMS3,GOAU4,TIMS3
GOAU4-TOTS3,GOAU4,TOTS3
GOAU4-UGPA3,GOAU4,UGPA3
GOAU4-USIM5,GOAU4,USIM5
GOAU4-VALE3,GOAU4,VALE3
GOAU4-VAMO3,GOAU4,VAMO3
GOAU4-VIVA3,GOAU4,VIVA3
GOAU4-VIVT3,GOAU4,VIVT3
GOAU4-WEGE3,GOAU4,WEGE3
GOAU4-YDUQ3,GOAU4,YDUQ3
HYPE3-IGTI11,HYPE3,IGTI11
HYPE3-ISAE4,HYPE3,ISAE4
HYPE3-ITSA4,HYPE3,ITSA4
HYPE3-ITUB4,HYPE3,ITUB4
HYPE3-KLBN11,HYPE3,KLBN11
HYPE3-LREN3,HYPE3,LREN3
HYPE3-MOTV3,HYPE3,MOTV3
HYPE3-MRFG3,HYPE3,MRFG3
HYPE3-MRVE3,HYPE3,MRVE3
HYPE3-MULT3,HYPE3,MULT3
HYPE3-NATU3,HYPE3,NATU3
HYPE3-PETR3,HYPE3,PETR3
HYPE3-PETR4,HYPE3,PETR4
HYPE3-PETZ3,HYPE3,PETZ3
HYPE3-POMO4,HYPE3,POMO4
HYPE3-PRIO3,HYPE3,PRIO3
HYPE3-PSSA3,HYPE3,PSSA3
HYPE3-RADL3,HYPE3,RADL3
HYPE3-RAIL3,HYPE3,RAIL3
HYPE3-RAIZ4,HYPE3,RAIZ4
HYPE3-RDOR3,HYPE3,RDOR3
HYPE3-RECV3,HYPE3,RECV3
HYPE3-RENT3,HYPE3,RENT3
HYPE3-SANB11,HYPE3,SANB11
HYPE3-SBSP3,HYPE3,SBSP3
HYPE3-SLCE3,HYPE3,SLCE3
HYPE3-SMFT3,HYPE3,SMFT3
HYPE3-SMTO3,HYPE3,SMTO3
HYPE3-STBP3,HYPE3,STBP3
HYPE3-TAEE11,HYPE3,TAEE11
HYPE3-TIMS3,HYPE3,TIMS3
HYPE3-TOTS3,HYPE3,TOTS3
HYPE3-UGPA3,HYPE3,UGPA3
HYPE3-USIM5,HYPE3,USIM5
HYPE3-VALE3,HYPE3,VALE3
HYPE3-VAMO3,HYPE3,VAMO3
HYPE3-VIVA3,HYPE3,VIVA3
HYPE3-VIVT3,HYPE3,VIVT3
HYPE3-WEGE3,HYPE3,WEGE3
HYPE3-YDUQ3,HYPE3,YDUQ3
IGTI11-ISAE4,IGTI11,ISAE4
IGTI11-ITSA4,IGTI11,ITSA4
IGTI11-ITUB4,IGTI11,ITUB4
IGTI11-KLBN11,IGTI11,KLBN11
IGTI11-LREN3,IGTI11,LREN3
IGTI11-MOTV3,IGTI11,MOTV3
IGTI11-MRFG3,IGTI11,MRFG3
IGTI11-MRVE3,IGTI11,MRVE3
IGTI11-MULT3,IGTI11,MULT3
IGTI11-NATU3,IGTI11,NATU3
IGTI11-PETR3,IGTI11,PETR3
IGTI11-PETR4,IGTI11,PETR4
IGTI11-PETZ3,IGTI11,PETZ3
IGTI11-POMO4,IGTI11,POMO4
IGTI11-PRIO3,IGTI11,PRIO3
IGTI11-PSSA3,IGTI11,PSSA3
IGTI11-RADL3,IGTI11,RADL3
IGTI11-RAIL3,IGTI11,RAIL3
IGTI11-RAIZ4,IGTI11,RAIZ4
IGTI11-RDOR3,IGTI11,RDOR3
IGTI11-RECV3,IGTI11,RECV3
IGTI11-RENT3,IGTI11,RENT3
IGTI11-SANB11,IGTI11,SANB11
IGTI11-SBSP3,IGTI11,SBSP3
IGTI11-SLCE3,IGTI11,SLCE3
IGTI11-SMFT3,IGTI11,SMFT3
IGTI11-SMTO3,IGTI11,SMTO3
IGTI11-STBP3,IGTI11,STBP3
IGTI11-TAEE11,IGTI11,TAEE11
IGTI11-TIMS3,IGTI11,TIMS3
IGTI11-TOTS3,IGTI11,TOTS3
IGTI11-UGPA3,IGTI11,UGPA3
IGTI11-USIM5,IGTI11,USIM5
IGTI11-VALE3,IGTI11,VALE3
IGTI11-VAMO3,IGTI11,VAMO3
IGTI11-VIVA3,IGTI11,VIVA3
IGTI11-VIVT3,IGTI11,VIVT3
IGTI11-WEGE3,IGTI11,WEGE3
IGTI11-YDUQ3,IGTI11,YDUQ3
ISAE4-ITSA4,ISAE4,ITSA4
ISAE4-ITUB4,ISAE4,ITUB4
ISAE4-KLBN11,ISAE4,KLBN11
ISAE4-LREN3,ISAE4,LREN3
ISAE4-MOTV3,ISAE4,MOTV3
ISAE4-MRFG3,ISAE4,MRFG3
ISAE4-MRVE3,ISAE4,MRVE3
ISAE4-MULT3,ISAE4,MULT3
ISAE4-NATU3,ISAE4,NATU3
ISAE4-PETR3,ISAE4,PETR3
ISAE4-PETR4,ISAE4,PETR4
ISAE4-PETZ3,ISAE4,PETZ3
ISAE4-POMO4,ISAE4,POMO4
ISAE4-PRIO3,ISAE4,PRIO3
ISAE4-PSSA3,ISAE4,PSSA3
ISAE4-RADL3,ISAE4,RADL3
ISAE4-RAIL3,ISAE4,RAIL3
ISAE4-RAIZ4,ISAE4,RAIZ4
ISAE4-RDOR3,ISAE4,RDOR3
ISAE4-RECV3,ISAE4,RECV3
ISAE4-RENT3,ISAE4,RENT3
ISAE4-SANB11,ISAE4,SANB11
ISAE4-SBSP3,ISAE4,SBSP3
ISAE4-SLCE3,ISAE4,SLCE3
ISAE4-SMFT3,ISAE4,SMFT3
ISAE4-SMTO3,ISAE4,SMTO3
ISAE4-STBP3,ISAE4,STBP3
ISAE4-TAEE11,ISAE4,TAEE11
ISAE4-TIMS3,ISAE4,TIMS3
ISAE4-TOTS3,ISAE4,TOTS3
ISAE4-UGPA3,ISAE4,UGPA3
ISAE4-USIM5,ISAE4,USIM5
ISAE4-VALE3,ISAE4,VALE3
ISAE4-VAMO3,ISAE4,VAMO3
ISAE4-VIVA3,ISAE4,VIVA3
ISAE4-VIVT3,ISAE4,VIVT3
ISAE4-WEGE3,ISAE4,WEGE3
ISAE4-YDUQ3,ISAE4,YDUQ3
ITSA4-ITUB4,ITSA4,ITUB4
ITSA4-KLBN11,ITSA4,KLBN11
ITSA4-LREN3,ITSA4,LREN3
ITSA4-MOTV3,ITSA4,MOTV3
ITSA4-MRFG3,ITSA4,MRFG3
ITSA4-MRVE3,ITSA4,MRVE3
ITSA4-MULT3,ITSA4,MULT3
ITSA4-NATU3,ITSA4,NATU3
ITSA4-PETR3,ITSA4,PETR3
ITSA4-PETR4,ITSA4,PETR4
ITSA4-PETZ3,ITSA4,PETZ3
ITSA4-POMO4,ITSA4,POMO4
ITSA4-PRIO3,ITSA4,PRIO3
ITSA4-PSSA3,ITSA4,PSSA3
ITSA4-RADL3,ITSA4,RADL3
ITSA4-RAIL3,ITSA4,RAIL3
ITSA4-RAIZ4,ITSA4,RAIZ4
ITSA4-RDOR3,ITSA4,RDOR3
ITSA4-RECV3,ITSA4,RECV3
ITSA4-RENT3,ITSA4,RENT3
ITSA4-SANB11,ITSA4,SANB11
ITSA4-SBSP3,ITSA4,SBSP3
ITSA4-SLCE3,ITSA4,SLCE3
ITSA4-SMFT3,ITSA4,SMFT3
ITSA4-SMTO3,ITSA4,SMTO3
ITSA4-STBP3,ITSA4,STBP3
ITSA4-TAEE11,ITSA4,TAEE11
ITSA4-TIMS3,ITSA4,TIMS3
ITSA4-TOTS3,ITSA4,TOTS3
ITSA4-UGPA3,ITSA4,UGPA3
ITSA4-USIM5,ITSA4,USIM5
ITSA4-VALE3,ITSA4,VALE3
ITSA4-VAMO3,ITSA4,VAMO3
ITSA4-VIVA3,ITSA4,VIVA3
ITSA4-VIVT3,ITSA4,VIVT3
ITSA4-WEGE3,ITSA4,WEGE3
ITSA4-YDUQ3,ITSA4,YDUQ3
ITUB4-KLBN11,ITUB4,KLBN11
ITUB4-LREN3,ITUB4,LREN3
ITUB4-MOTV3,ITUB4,MOTV3
ITUB4-MRFG3,ITUB4,MRFG3
ITUB4-MRVE3,ITUB4,MRVE3
ITUB4-MULT3,ITUB4,MULT3
ITUB4-NATU3,ITUB4,NATU3
ITUB4-PETR3,ITUB4,PETR3
ITUB4-PETR4,ITUB4,PETR4
ITUB4-PETZ3,ITUB4,PETZ3
ITUB4-POMO4,ITUB4,POMO4
ITUB4-PRIO3,ITUB4,PRIO3
ITUB4-PSSA3,ITUB4,PSSA3
ITUB4-RADL3,ITUB4,RADL3
ITUB4-RAIL3,ITUB4,RAIL3
ITUB4-RAIZ4,ITUB4,RAIZ4
ITUB4-RDOR3,ITUB4,RDOR3
ITUB4-RECV3,ITUB4,RECV3
ITUB4-RENT3,ITUB4,RENT3
ITUB4-SANB11,ITUB4,SANB11
ITUB4-SBSP3,ITUB4,SBSP3
ITUB4-SLCE3,ITUB4,SLCE3
ITUB4-SMFT3,ITUB4,SMFT3
ITUB4-SMTO3,ITUB4,SMTO3
ITUB4-STBP3,ITUB4,STBP3
ITUB4-TAEE11,ITUB4,TAEE11
ITUB4-TIMS3,ITUB4,TIMS3
ITUB4-TOTS3,ITUB4,TOTS3
ITUB4-UGPA3,ITUB4,UGPA3
ITUB4-USIM5,ITUB4,USIM5
ITUB4-VALE3,ITUB4,VALE3
ITUB4-VAMO3,ITUB4,VAMO3
ITUB4-VIVA3,ITUB4,VIVA3
ITUB4-VIVT3,ITUB4,VIVT3
ITUB4-WEGE3,ITUB4,WEGE3
ITUB4-YDUQ3,ITUB4,YDUQ3
KLBN11-LREN3,KLBN11,LREN3
KLBN11-MOTV3,KLBN11,MOTV3
KLBN11-MRFG3,KLBN11,MRFG3
KLBN11-MRVE3,KLBN11,MRVE3
KLBN11-MULT3,KLBN11,MULT3
KLBN11-NATU3,KLBN11,NATU3
KLBN11-PETR3,KLBN11,PETR3
KLBN11-PETR4,KLBN11,PETR4
KLBN11-PETZ3,KLBN11,PETZ3
KLBN11-POMO4,KLBN11,POMO4
KLBN11-PRIO3,KLBN11,PRIO3
KLBN11-PSSA3,KLBN11,PSSA3
KLBN11-RADL3,KLBN11,RADL3
KLBN11-RAIL3,KLBN11,RAIL3
KLBN11-RAIZ4,KLBN11,RAIZ4
KLBN11-RDOR3,KLBN11,RDOR3
KLBN11-RECV3,KLBN11,RECV3
KLBN11-RENT3,KLBN11,RENT3
KLBN11-SANB11,KLBN11,SANB11
KLBN11-SBSP3,KLBN11,SBSP3
KLBN11-SLCE3,KLBN11,SLCE3
KLBN11-SMFT3,KLBN11,SMFT3
KLBN11-SMTO3,KLBN11,SMTO3
KLBN11-STBP3,KLBN11,STBP3
KLBN11-TAEE11,KLBN11,TAEE11
KLBN11-TIMS3,KLBN11,TIMS3
KLBN11-TOTS3,KLBN11,TOTS3
KLBN11-UGPA3,KLBN11,UGPA3
KLBN11-USIM5,KLBN11,USIM5
KLBN11-VALE3,KLBN11,VALE3
KLBN11-VAMO3,KLBN11,VAMO3
KLBN11-VIVA3,KLBN11,VIVA3
KLBN11-VIVT3,KLBN11,VIVT3
KLBN11-WEGE3,KLBN11,WEGE3
KLBN11-YDUQ3,KLBN11,YDUQ3
LREN3-MOTV3,LREN3,MOTV3
LREN3-MRFG3,LREN3,MRFG3
LREN3-MRVE3,LREN3,MRVE3
LREN3-MULT3,LREN3,MULT3
LREN3-NATU3,LREN3,NATU3
LREN3-PETR3,LREN3,PETR3
LREN3-PETR4,LREN3,PETR4
LREN3-PETZ3,LREN3,PETZ3
LREN3-POMO4,LREN3,POMO4
LREN3-PRIO3,LREN3,PRIO3
LREN3-PSSA3,LREN3,PSSA3
LREN3-RADL3,LREN3,RADL3
LREN3-RAIL3,LREN3,RAIL3
LREN3-RAIZ4,LREN3,RAIZ4
LREN3-RDOR3,LREN3,RDOR3
LREN3-RECV3,LREN3,RECV3
LREN3-RENT3,LREN3,RENT3
LREN3-SANB11,LREN3,SANB11
LREN3-SBSP3,LREN3,SBSP3
LREN3-SLCE3,LREN3,SLCE3
LREN3-SMFT3,LREN3,SMFT3
LREN3-SMTO3,LREN3,SMTO3
LREN3-STBP3,LREN3,STBP3
LREN3-TAEE11,LREN3,TAEE11
LREN3-TIMS3,LREN3,TIMS3
LREN3-TOTS3,LREN3,TOTS3
LREN3-UGPA3,LREN3,UGPA3
LREN3-USIM5,LREN3,USIM5
LREN3-VALE3,LREN3,VALE3
LREN3-VAMO3,LREN3,VAMO3
LREN3-VIVA3,LREN3,VIVA3
LREN3-VIVT3,LREN3,VIVT3
LREN3-WEGE3,LREN3,WEGE3
LREN3-YDUQ3,LREN3,YDUQ3
MOTV3-MRFG3,MOTV3,MRFG3
MOTV3-MRVE3,MOTV3,MRVE3
MOTV3-MULT3,MOTV3,MULT3
MOTV3-NATU3,MOTV3,NATU3
MOTV3-PETR3,MOTV3,PETR3
MOTV3-PETR4,MOTV3,PETR4
MOTV3-PETZ3,MOTV3,PETZ3
MOTV3-POMO4,MOTV3,POMO4
MOTV3-PRIO3,MOTV3,PRIO3
MOTV3-PSSA3,MOTV3,PSSA3
MOTV3-RADL3,MOTV3,RADL3
MOTV3-RAIL3,MOTV3,RAIL3
MOTV3-RAIZ4,MOTV3,RAIZ4
MOTV3-RDOR3,MOTV3,RDOR3
MOTV3-RECV3,MOTV3,RECV3
MOTV3-RENT3,MOTV3,RENT3
MOTV3-SANB11,MOTV3,SANB11
MOTV3-SBSP3,MOTV3,SBSP3
MOTV3-SLCE3,MOTV3,SLCE3
MOTV3-SMFT3,MOTV3,SMFT3
MOTV3-SMTO3,MOTV3,SMTO3
MOTV3-STBP3,MOTV3,STBP3
MOTV3-TAEE11,MOTV3,TAEE11
MOTV3-TIMS3,MOTV3,TIMS3
MOTV3-TOTS3,MOTV3,TOTS3
MOTV3-UGPA3,MOTV3,UGPA3
MOTV3-USIM5,MOTV3,USIM5
MOTV3-VALE3,MOTV3,VALE3
MOTV3-VAMO3,MOTV3,VAMO3
MOTV3-VIVA3,MOTV3,VIVA3
MOTV3-VIVT3,MOTV3,VIVT3
MOTV3-WEGE3,MOTV3,WEGE3
MOTV3-YDUQ3,MOTV3,YDUQ3
MRFG3-MRVE3,MRFG3,MRVE3
MRFG3-MULT3,MRFG3,MULT3
MRFG3-NATU3,MRFG3,NATU3
MRFG3-PETR3,MRFG3,PETR3
MRFG3-PETR4,MRFG3,PETR4
MRFG3-PETZ3,MRFG3,PETZ3
MRFG3-POMO4,MRFG3,POMO4
MRFG3-PRIO3,MRFG3,PRIO3
MRFG3-PSSA3,MRFG3,PSSA3
MRFG3-RADL3,MRFG3,RADL3
MRFG3-RAIL3,MRFG3,RAIL3
MRFG3-RAIZ4,MRFG3,RAIZ4
MRFG3-RDOR3,MRFG3,RDOR3
MRFG3-RECV3,MRFG3,RECV3
MRFG3-RENT3,MRFG3,RENT3
MRFG3-SANB11,MRFG3,SANB11
MRFG3-SBSP3,MRFG3,SBSP3
MRFG3-SLCE3,MRFG3,SLCE3
MRFG3-SMFT3,MRFG3,SMFT3
MRFG3-SMTO3,MRFG3,SMTO3
MRFG3-STBP3,MRFG3,STBP3
MRFG3-TAEE11,MRFG3,TAEE11
MRFG3-TIMS3,MRFG3,TIMS3
MRFG3-TOTS3,MRFG3,TOTS3
MRFG3-UGPA3,MRFG3,UGPA3
MRFG3-USIM5,MRFG3,USIM5
MRFG3-VALE3,MRFG3,VALE3
MRFG3-VAMO3,MRFG3,VAMO3
MRFG3-VIVA3,MRFG3,VIVA3
MRFG3-VIVT3,MRFG3,VIVT3
MRFG3-WEGE3,MRFG3,WEGE3
MRFG3-YDUQ3,MRFG3,YDUQ3
MRVE3-MULT3,MRVE3,MULT3
MRVE3-NATU3,MRVE3,NATU3
MRVE3-PETR3,MRVE3,PETR3
MRVE3-PETR4,MRVE3,PETR4
MRVE3-PETZ3,MRVE3,PETZ3
MRVE3-POMO4,MRVE3,POMO4
MRVE3-PRIO3,MRVE3,PRIO3
MRVE3-PSSA3,MRVE3,PSSA3
MRVE3-RADL3,MRVE3,RADL3
MRVE3-RAIL3,MRVE3,RAIL3
MRVE3-RAIZ4,MRVE3,RAIZ4
MRVE3-RDOR3,MRVE3,RDOR3
MRVE3-RECV3,MRVE3,RECV3
MRVE3-RENT3,MRVE3,RENT3
MRVE3-SANB11,MRVE3,SANB11
MRVE3-SBSP3,MRVE3,SBSP3
MRVE3-SLCE3,MRVE3,SLCE3
MRVE3-SMFT3,MRVE3,SMFT3
MRVE3-SMTO3,MRVE3,SMTO3
MRVE3-STBP3,MRVE3,STBP3
MRVE3-TAEE11,MRVE3,TAEE11
MRVE3-TIMS3,MRVE3,TIMS3
MRVE3-TOTS3,MRVE3,TOTS3
MRVE3-UGPA3,MRVE3,UGPA3
MRVE3-USIM5,MRVE3,USIM5
MRVE3-VALE3,MRVE3,VALE3
MRVE3-VAMO3,MRVE3,VAMO3
MRVE3-VIVA3,MRVE3,VIVA3
MRVE3-VIVT3,MRVE3,VIVT3
MRVE3-WEGE3,MRVE3,WEGE3
MRVE3-YDUQ3,MRVE3,YDUQ3
MULT3-NATU3,MULT3,NATU3
MULT3-PETR3,MULT3,PETR3
MULT3-PETR4,MULT3,PETR4
MULT3-PETZ3,MULT3,PETZ3
MULT3-POMO4,MULT3,POMO4
MULT3-PRIO3,MULT3,PRIO3
MULT3-PSSA3,MULT3,PSSA3
MULT3-RADL3,MULT3,RADL3
MULT3-RAIL3,MULT3,RAIL3
MULT3-RAIZ4,MULT3,RAIZ4
MULT3-RDOR3,MULT3,RDOR3
MULT3-RECV3,MULT3,RECV3
MULT3-RENT3,MULT3,RENT3
MULT3-SANB11,MULT3,SANB11
MULT3-SBSP3,MULT3,SBSP3
MULT3-SLCE3,MULT3,SLCE3
MULT3-SMFT3,MULT3,SMFT3
MULT3-SMTO3,MULT3,SMTO3
MULT3-STBP3,MULT3,STBP3
MULT3-TAEE11,MULT3,TAEE11
MULT3-TIMS3,MULT3,TIMS3
MULT3-TOTS3,MULT3,TOTS3
MULT3-UGPA3,MULT3,UGPA3
MULT3-USIM5,MULT3,USIM5
MULT3-VALE3,MULT3,VALE3
MULT3-VAMO3,MULT3,VAMO3
MULT3-VIVA3,MULT3,VIVA3
MULT3-VIVT3,MULT3,VIVT3
MULT3-WEGE3,MULT3,WEGE3
MULT3-YDUQ3,MULT3,YDUQ3
NATU3-PETR3,NATU3,PETR3
NATU3-PETR4,NATU3,PETR4
NATU3-PETZ3,NATU3,PETZ3
NATU3-POMO4,NATU3,POMO4
NATU3-PRIO3,NATU3,PRIO3
NATU3-PSSA3,NATU3,PSSA3
NATU3-RADL3,NATU3,RADL3
NATU3-RAIL3,NATU3,RAIL3
NATU3-RAIZ4,NATU3,RAIZ4
NATU3-RDOR3,NATU3,RDOR3
NATU3-RECV3,NATU3,RECV3
NATU3-RENT3,NATU3,RENT3
NATU3-SANB11,NATU3,SANB11
NATU3-SBSP3,NATU3,SBSP3
NATU3-SLCE3,NATU3,SLCE3
NATU3-SMFT3,NATU3,SMFT3
NATU3-SMTO3,NATU3,SMTO3
NATU3-STBP3,NATU3,STBP3
NATU3-TAEE11,NATU3,TAEE11
NATU3-TIMS3,NATU3,TIMS3
NATU3-TOTS3,NATU3,TOTS3
NATU3-UGPA3,NATU3,UGPA3
NATU3-USIM5,NATU3,USIM5
NATU3-VALE3,NATU3,VALE3
NATU3-VAMO3,NATU3,VAMO3
NATU3-VIVA3,NATU3,VIVA3
NATU3-VIVT3,NATU3,VIVT3
NATU3-WEGE3,NATU3,WEGE3
NATU3-YDUQ3,NATU3,YDUQ3
PETR3-PETR4,PETR3,PETR4
PETR3-PETZ3,PETR3,PETZ3
PETR3-POMO4,PETR3,POMO4
PETR3-PRIO3,PETR3,PRIO3
PETR3-PSSA3,PETR3,PSSA3
PETR3-RADL3,PETR3,RADL3
PETR3-RAIL3,PETR3,RAIL3
PETR3-RAIZ4,PETR3,RAIZ4
PETR3-RDOR3,PETR3,RDOR3
PETR3-RECV3,PETR3,RECV3
PETR3-RENT3,PETR3,RENT3
PETR3-SANB11,PETR3,SANB11
PETR3-SBSP3,PETR3,SBSP3
PETR3-SLCE3,PETR3,SLCE3
PETR3-SMFT3,PETR3,SMFT3
PETR3-SMTO3,PETR3,SMTO3
PETR3-STBP3,PETR3,STBP3
PETR3-TAEE11,PETR3,TAEE11
PETR3-TIMS3,PETR3,TIMS3
PETR3-TOTS3,PETR3,TOTS3
PETR3-UGPA3,PETR3,UGPA3
PETR3-USIM5,PETR3,USIM5
PETR3-VALE3,PETR3,VALE3
PETR3-VAMO3,PETR3,VAMO3
PETR3-VIVA3,PETR3,VIVA3
PETR3-VIVT3,PETR3,VIVT3
PETR3-WEGE3,PETR3,WEGE3
PETR3-YDUQ3,PETR3,YDUQ3
PETR4-PETZ3,PETR4,PETZ3
PETR4-POMO4,PETR4,POMO4
PETR4-PRIO3,PETR4,PRIO3
PETR4-PSSA3,PETR4,PSSA3
PETR4-RADL3,PETR4,RADL3
PETR4-RAIL3,PETR4,RAIL3
PETR4-RAIZ4,PETR4,RAIZ4
PETR4-RDOR3,PETR4,RDOR3
PETR4-RECV3,PETR4,RECV3
PETR4-RENT3,PETR4,RENT3
PETR4-SANB11,PETR4,SANB11
PETR4-SBSP3,PETR4,SBSP3
PETR4-SLCE3,PETR4,SLCE3
PETR4-SMFT3,PETR4,SMFT3
PETR4-SMTO3,PETR4,SMTO3
PETR4-STBP3,PETR4,STBP3
PETR4-TAEE11,PETR4,TAEE11
PETR4-TIMS3,PETR4,TIMS3
PETR4-TOTS3,PETR4,TOTS3
PETR4-UGPA3,PETR4,UGPA3
PETR4-USIM5,PETR4,USIM5
PETR4-VALE3,PETR4,VALE3
PETR4-VAMO3,PETR4,VAMO3
PETR4-VIVA3,PETR4,VIVA3
PETR4-VIVT3,PETR4,VIVT3
PETR4-WEGE3,PETR4,WEGE3
PETR4-YDUQ3,PETR4,YDUQ3
PETZ3-POMO4,PETZ3,POMO4
PETZ3-PRIO3,PETZ3,PRIO3
PETZ3-PSSA3,PETZ3,PSSA3
PETZ3-RADL3,PETZ3,RADL3
PETZ3-RAIL3,PETZ3,RAIL3
PETZ3-RAIZ4,PETZ3,RAIZ4
PETZ3-RDOR3,PETZ3,RDOR3
PETZ3-RECV3,PETZ3,RECV3
PETZ3-RENT3,PETZ3,RENT3
PETZ3-SANB11,PETZ3,SANB11
PETZ3-SBSP3,PETZ3,SBSP3
PETZ3-SLCE3,PETZ3,SLCE3
PETZ3-SMFT3,PETZ3,SMFT3
PETZ3-SMTO3,PETZ3,SMTO3
PETZ3-STBP3,PETZ3,STBP3
PETZ3-TAEE11,PETZ3,TAEE11
PETZ3-TIMS3,PETZ3,TIMS3
PETZ3-TOTS3,PETZ3,TOTS3
PETZ3-UGPA3,PETZ3,UGPA3
PETZ3-USIM5,PETZ3,USIM5
PETZ3-VALE3,PETZ3,VALE3
PETZ3-VAMO3,PETZ3,VAMO3
PETZ3-VIVA3,PETZ3,VIVA3
PETZ3-VIVT3,PETZ3,VIVT3
PETZ3-WEGE3,PETZ3,WEGE3
PETZ3-YDUQ3,PETZ3,YDUQ3
POMO4-PRIO3,POMO4,PRIO3
POMO4-PSSA3,POMO4,PSSA3
POMO4-RADL3,POMO4,RADL3
POMO4-RAIL3,POMO4,RAIL3
POMO4-RAIZ4,POMO4,RAIZ4
POMO4-RDOR3,POMO4,RDOR3
POMO4-RECV3,POMO4,RECV3
POMO4-RENT3,POMO4,RENT3
POMO4-SANB11,POMO4,SANB11
POMO4-SBSP3,POMO4,SBSP3
POMO4-SLCE3,POMO4,SLCE3
POMO4-SMFT3,POMO4,SMFT3
POMO4-SMTO3,POMO4,SMTO3
POMO4-STBP3,POMO4,STBP3
POMO4-TAEE11,POMO4,TAEE11
POMO4-TIMS3,POMO4,TIMS3
POMO4-TOTS3,POMO4,TOTS3
POMO4-UGPA3,POMO4,UGPA3
POMO4-USIM5,POMO4,USIM5
POMO4-VALE3,POMO4,VALE3
POMO4-VAMO3,POMO4,VAMO3
POMO4-VIVA3,POMO4,VIVA3
POMO4-VIVT3,POMO4,VIVT3
POMO4-WEGE3,POMO4,WEGE3
POMO4-YDUQ3,POMO4,YDUQ3
PRIO3-PSSA3,PRIO3,PSSA3
PRIO3-RADL3,PRIO3,RADL3
PRIO3-RAIL3,PRIO3,RAIL3
PRIO3-RAIZ4,PRIO3,RAIZ4
PRIO3-RDOR3,PRIO3,RDOR3
PRIO3-RECV3,PRIO3,RECV3
PRIO3-RENT3,PRIO3,RENT3
PRIO3-SANB11,PRIO3,SANB11
PRIO3-SBSP3,PRIO3,SBSP3
PRIO3-SLCE3,PRIO3,SLCE3
PRIO3-SMFT3,PRIO3,SMFT3
PRIO3-SMTO3,PRIO3,SMTO3
PRIO3-STBP3,PRIO3,STBP3
PRIO3-TAEE11,PRIO3,TAEE11
PRIO3-TIMS3,PRIO3,TIMS3
PRIO3-TOTS3,PRIO3,TOTS3
PRIO3-UGPA3,PRIO3,UGPA3
PRIO3-USIM5,PRIO3,USIM5
PRIO3-VALE3,PRIO3,VALE3
PRIO3-VAMO3,PRIO3,VAMO3
PRIO3-VIVA3,PRIO3,VIVA3
PRIO3-VIVT3,PRIO3,VIVT3
PRIO3-WEGE3,PRIO3,WEGE3
PRIO3-YDUQ3,PRIO3,YDUQ3
PSSA3-RADL3,PSSA3,RADL3
PSSA3-RAIL3,PSSA3,RAIL3
PSSA3-RAIZ4,PSSA3,RAIZ4
PSSA3-RDOR3,PSSA3,RDOR3
PSSA3-RECV3,PSSA3,RECV3
PSSA3-RENT3,PSSA3,RENT3
PSSA3-SANB11,PSSA3,SANB11
PSSA3-SBSP3,PSSA3,SBSP3
PSSA3-SLCE3,PSSA3,SLCE3
PSSA3-SMFT3,PSSA3,SMFT3
PSSA3-SMTO3,PSSA3,SMTO3
PSSA3-STBP3,PSSA3,STBP3
PSSA3-TAEE11,PSSA3,TAEE11
PSSA3-TIMS3,PSSA3,TIMS3
PSSA3-TOTS3,PSSA3,TOTS3
PSSA3-UGPA3,PSSA3,UGPA3
PSSA3-USIM5,PSSA3,USIM5
PSSA3-VALE3,PSSA3,VALE3
PSSA3-VAMO3,PSSA3,VAMO3
PSSA3-VIVA3,PSSA3,VIVA3
PSSA3-VIVT3,PSSA3,VIVT3
PSSA3-WEGE3,PSSA3,WEGE3
PSSA3-YDUQ3,PSSA3,YDUQ3
RADL3-RAIL3,RADL3,RAIL3
RADL3-RAIZ4,RADL3,RAIZ4
RADL3-RDOR3,RADL3,RDOR3
RADL3-RECV3,RADL3,RECV3
RADL3-RENT3,RADL3,RENT3
RADL3-SANB11,RADL3,SANB11
RADL3-SBSP3,RADL3,SBSP3
RADL3-SLCE3,RADL3,SLCE3
RADL3-SMFT3,RADL3,SMFT3
RADL3-SMTO3,RADL3,SMTO3
RADL3-STBP3,RADL3,STBP3
RADL3-TAEE11,RADL3,TAEE11
RADL3-TIMS3,RADL3,TIMS3
RADL3-TOTS3,RADL3,TOTS3
RADL3-UGPA3,RADL3,UGPA3
RADL3-USIM5,RADL3,USIM5
RADL3-VALE3,RADL3,VALE3
RADL3-VAMO3,RADL3,VAMO3
RADL3-VIVA3,RADL3,VIVA3
RADL3-VIVT3,RADL3,VIVT3
RADL3-WEGE3,RADL3,WEGE3
RADL3-YDUQ3,RADL3,YDUQ3
RAIL3-RAIZ4,RAIL3,RAIZ4
RAIL3-RDOR3,RAIL3,RDOR3
RAIL3-RECV3,RAIL3,RECV3
RAIL3-RENT3,RAIL3,RENT3
RAIL3-SANB11,RAIL3,SANB11
RAIL3-SBSP3,RAIL3,SBSP3
RAIL3-SLCE3,RAIL3,SLCE3
RAIL3-SMFT3,RAIL3,SMFT3
RAIL3-SMTO3,RAIL3,SMTO3
RAIL3-STBP3,RAIL3,STBP3
RAIL3-TAEE11,RAIL3,TAEE11
RAIL3-TIMS3,RAIL3,TIMS3
RAIL3-TOTS3,RAIL3,TOTS3
RAIL3-UGPA3,RAIL3,UGPA3
RAIL3-USIM5,RAIL3,USIM5
RAIL3-VALE3,RAIL3,VALE3
RAIL3-VAMO3,RAIL3,VAMO3
RAIL3-VIVA3,RAIL3,VIVA3
RAIL3-VIVT3,RAIL3,VIVT3
RAIL3-WEGE3,RAIL3,WEGE3
RAIL3-YDUQ3,RAIL3,YDUQ3
RAIZ4-RDOR3,RAIZ4,RDOR3
RAIZ4-RECV3,RAIZ4,RECV3
RAIZ4-RENT3,RAIZ4,RENT3
RAIZ4-SANB11,RAIZ4,SANB11
RAIZ4-SBSP3,RAIZ4,SBSP3
RAIZ4-SLCE3,RAIZ4,SLCE3
RAIZ4-SMFT3,RAIZ4,SMFT3
RAIZ4-SMTO3,RAIZ4,SMTO3
RAIZ4-STBP3,RAIZ4,STBP3
RAIZ4-TAEE11,RAIZ4,TAEE11
RAIZ4-TIMS3,RAIZ4,TIMS3
RAIZ4-TOTS3,RAIZ4,TOTS3
RAIZ4-UGPA3,RAIZ4,UGPA3
RAIZ4-USIM5,RAIZ4,USIM5
RAIZ4-VALE3,RAIZ4,VALE3
RAIZ4-VAMO3,RAIZ4,VAMO3
RAIZ4-VIVA3,RAIZ4,VIVA3
RAIZ4-VIVT3,RAIZ4,VIVT3
RAIZ4-WEGE3,RAIZ4,WEGE3
RAIZ4-YDUQ3,RAIZ4,YDUQ3
RDOR3-RECV3,RDOR3,RECV3
RDOR3-RENT3,RDOR3,RENT3
RDOR3-SANB11,RDOR3,SANB11
RDOR3-SBSP3,RDOR3,SBSP3
RDOR3-SLCE3,RDOR3,SLCE3
RDOR3-SMFT3,RDOR3,SMFT3
RDOR3-SMTO3,RDOR3,SMTO3
RDOR3-STBP3,RDOR3,STBP3
RDOR3-TAEE11,RDOR3,TAEE11
RDOR3-TIMS3,RDOR3,TIMS3
RDOR3-TOTS3,RDOR3,TOTS3
RDOR3-UGPA3,RDOR3,UGPA3
RDOR3-USIM5,RDOR3,USIM5
RDOR3-VALE3,RDOR3,VALE3
RDOR3-VAMO3,RDOR3,VAMO3
RDOR3-VIVA3,RDOR3,VIVA3
RDOR3-VIVT3,RDOR3,VIVT3
RDOR3-WEGE3,RDOR3,WEGE3
RDOR3-YDUQ3,RDOR3,YDUQ3
RECV3-RENT3,RECV3,RENT3
RECV3-SANB11,RECV3,SANB11
RECV3-SBSP3,RECV3,SBSP3
RECV3-SLCE3,RECV3,SLCE3
RECV3-SMFT3,RECV3,SMFT3
RECV3-SMTO3,RECV3,SMTO3
RECV3-STBP3,RECV3,STBP3
RECV3-TAEE11,RECV3,TAEE11
RECV3-TIMS3,RECV3,TIMS3
RECV3-TOTS3,RECV3,TOTS3
RECV3-UGPA3,RECV3,UGPA3
RECV3-USIM5,RECV3,USIM5
RECV3-VALE3,RECV3,VALE3
RECV3-VAMO3,RECV3,VAMO3
RECV3-VIVA3,RECV3,VIVA3
RECV3-VIVT3,RECV3,VIVT3
RECV3-WEGE3,RECV3,WEGE3
RECV3-YDUQ3,RECV3,YDUQ3
RENT3-SANB11,RENT3,SANB11
RENT3-SBSP3,RENT3,SBSP3
RENT3-SLCE3,RENT3,SLCE3
RENT3-SMFT3,RENT3,SMFT3
RENT3-SMTO3,RENT3,SMTO3
RENT3-STBP3,RENT3,STBP3
RENT3-TAEE11,RENT3,TAEE11
RENT3-TIMS3,RENT3,TIMS3
RENT3-TOTS3,RENT3,TOTS3
RENT3-UGPA3,RENT3,UGPA3
RENT3-USIM5,RENT3,USIM5
RENT3-VALE3,RENT3,VALE3
RENT3-VAMO3,RENT3,VAMO3
RENT3-VIVA3,RENT3,VIVA3
RENT3-VIVT3,RENT3,VIVT3
RENT3-WEGE3,RENT3,WEGE3
RENT3-YDUQ3,RENT3,YDUQ3
SANB11-SBSP3,SANB11,SBSP3
SANB11-SLCE3,SANB11,SLCE3
SANB11-SMFT3,SANB11,SMFT3
SANB11-SMTO3,SANB11,SMTO3
SANB11-STBP3,SANB11,STBP3
SANB11-TAEE11,SANB11,TAEE11
SANB11-TIMS3,SANB11,TIMS3
SANB11-TOTS3,SANB11,TOTS3
SANB11-UGPA3,SANB11,UGPA3
SANB11-USIM5,SANB11,USIM5
SANB11-VALE3,SANB11,VALE3
SANB11-VAMO3,SANB11,VAMO3
SANB11-VIVA3,SANB11,VIVA3
SANB11-VIVT3,SANB11,VIVT3
SANB11-WEGE3,SANB11,WEGE3
SANB11-YDUQ3,SANB11,YDUQ3
SBSP3-SLCE3,SBSP3,SLCE3
SBSP3-SMFT3,SBSP3,SMFT3
SBSP3-SMTO3,SBSP3,SMTO3
SBSP3-STBP3,SBSP3,STBP3
SBSP3-TAEE11,SBSP3,TAEE11
SBSP3-TIMS3,SBSP3,TIMS3
SBSP3-TOTS3,SBSP3,TOTS3
SBSP3-UGPA3,SBSP3,UGPA3
SBSP3-USIM5,SBSP3,USIM5
SBSP3-VALE3,SBSP3,VALE3
SBSP3-VAMO3,SBSP3,VAMO3
SBSP3-VIVA3,SBSP3,VIVA3
SBSP3-VIVT3,SBSP3,VIVT3
SBSP3-WEGE3,SBSP3,WEGE3
SBSP3-YDUQ3,SBSP3,YDUQ3
SLCE3-SMFT3,SLCE3,SMFT3
SLCE3-SMTO3,SLCE3,SMTO3
SLCE3-STBP3,SLCE3,STBP3
SLCE3-TAEE11,SLCE3,TAEE11
SLCE3-TIMS3,SLCE3,TIMS3
SLCE3-TOTS3,SLCE3,TOTS3
SLCE3-UGPA3,SLCE3,UGPA3
SLCE3-USIM5,SLCE3,USIM5
SLCE3-VALE3,SLCE3,VALE3
SLCE3-VAMO3,SLCE3,VAMO3
SLCE3-VIVA3,SLCE3,VIVA3
SLCE3-VIVT3,SLCE3,VIVT3
SLCE3-WEGE3,SLCE3,WEGE3
SLCE3-YDUQ3,SLCE3,YDUQ3
SMFT3-SMTO3,SMFT3,SMTO3
SMFT3-STBP3,SMFT3,STBP3
SMFT3-TAEE11,SMFT3,TAEE11
SMFT3-TIMS3,SMFT3,TIMS3
SMFT3-TOTS3,SMFT3,TOTS3
SMFT3-UGPA3,SMFT3,UGPA3
SMFT3-USIM5,SMFT3,USIM5
SMFT3-VALE3,SMFT3,VALE3
SMFT3-VAMO3,SMFT3,VAMO3
SMFT3-VIVA3,SMFT3,VIVA3
SMFT3-VIVT3,SMFT3,VIVT3
SMFT3-WEGE3,SMFT3,WEGE3
SMFT3-YDUQ3,SMFT3,YDUQ3
SMTO3-STBP3,SMTO3,STBP3
SMTO3-TAEE11,SMTO3,TAEE11
SMTO3-TIMS3,SMTO3,TIMS3
SMTO3-TOTS3,SMTO3,TOTS3
SMTO3-UGPA3,SMTO3,UGPA3
SMTO3-USIM5,SMTO3,USIM5
SMTO3-VALE3,SMTO3,VALE3
SMTO3-VAMO3,SMTO3,VAMO3
SMTO3-VIVA3,SMTO3,VIVA3
SMTO3-VIVT3,SMTO3,VIVT3
SMTO3-WEGE3,SMTO3,WEGE3
SMTO3-YDUQ3,SMTO3,YDUQ3
STBP3-TAEE11,STBP3,TAEE11
STBP3-TIMS3,STBP3,TIMS3
STBP3-TOTS3,STBP3,TOTS3
STBP3-UGPA3,STBP3,UGPA3
STBP3-USIM5,STBP3,USIM5
STBP3-VALE3,STBP3,VALE3
STBP3-VAMO3,STBP3,VAMO3
STBP3-VIVA3,STBP3,VIVA3
STBP3-VIVT3,STBP3,VIVT3
STBP3-WEGE3,STBP3,WEGE3
STBP3-YDUQ3,STBP3,YDUQ3
TAEE11-TIMS3,TAEE11,TIMS3
TAEE11-TOTS3,TAEE11,TOTS3
TAEE11-UGPA3,TAEE11,UGPA3
TAEE11-USIM5,TAEE11,USIM5
TAEE11-VALE3,TAEE11,VALE3
TAEE11-VAMO3,TAEE11,VAMO3
TAEE11-VIVA3,TAEE11,VIVA3
TAEE11-VIVT3,TAEE11,VIVT3
TAEE11-WEGE3,TAEE11,WEGE3
TAEE11-YDUQ3,TAEE11,YDUQ3
TIMS3-TOTS3,TIMS3,TOTS3
TIMS3-UGPA3,TIMS3,UGPA3
TIMS3-USIM5,TIMS3,USIM5
TIMS3-VALE3,TIMS3,VALE3
TIMS3-VAMO3,TIMS3,VAMO3
TIMS3-VIVA3,TIMS3,VIVA3
TIMS3-VIVT3,TIMS3,VIVT3
TIMS3-WEGE3,TIMS3,WEGE3
TIMS3-YDUQ3,TIMS3,YDUQ3
TOTS3-UGPA3,TOTS3,UGPA3
TOTS3-USIM5,TOTS3,USIM5
TOTS3-VALE3,TOTS3,VALE3
TOTS3-VAMO3,TOTS3,VAMO3
TOTS3-VIVA3,TOTS3,VIVA3
TOTS3-VIVT3,TOTS3,VIVT3
TOTS3-WEGE3,TOTS3,WEGE3
TOTS3-YDUQ3,TOTS3,YDUQ3
UGPA3-USIM5,UGPA3,USIM5
UGPA3-VALE3,UGPA3,VALE3
UGPA3-VAMO3,UGPA3,VAMO3
UGPA3-VIVA3,UGPA3,VIVA3
UGPA3-VIVT3,UGPA3,VIVT3
UGPA3-WEGE3,UGPA3,WEGE3
UGPA3-YDUQ3,UGPA3,YDUQ3
USIM5-VALE3,USIM5,VALE3
USIM5-VAMO3,USIM5,VAMO3
USIM5-VIVA3,USIM5,VIVA3
USIM5-VIVT3,USIM5,VIVT3
USIM5-WEGE3,USIM5,WEGE3
USIM5-YDUQ3,USIM5,YDUQ3
VALE3-VAMO3,VALE3,VAMO3
VALE3-VIVA3,VALE3,VIVA3
VALE3-VIVT3,VALE3,VIVT3
VALE3-WEGE3,VALE3,WEGE3
VALE3-YDUQ3,VALE3,YDUQ3
VAMO3-VIVA3,VAMO3,VIVA3
VAMO3-VIVT3,VAMO3,VIVT3
VAMO3-WEGE3,VAMO3,WEGE3
VAMO3-YDUQ3,VAMO3,YDUQ3
VIVA3-VIVT3,VIVA3,VIVT3
VIVA3-WEGE3,VIVA3,WEGE3
VIVA3-YDUQ3,VIVA3,YDUQ3
VIVT3-WEGE3,VIVT3,WEGE3
VIVT3-YDUQ3,VIVT3,YDUQ3
WEGE3-YDUQ3,WEGE3,YDUQ3
